,yummy,convenient,spicy,fattening,greasy,fast,cheap,tasty,expensive,healthy,disgusting,Like,Age,VisitFrequency,Gender,Clusters
0,0,1,0,1,0,1,1,0,1,0,0,3,61,1,0,0
1,1,1,0,1,1,1,1,1,1,0,0,2,51,1,0,4
2,0,1,1,1,1,1,0,1,1,1,0,1,62,1,0,0
3,1,1,0,1,1,1,1,1,0,0,1,4,69,3,0,0
4,0,1,0,1,1,1,1,0,0,1,0,2,49,2,1,3
5,1,1,0,1,0,1,1,1,0,0,0,2,55,1,1,4
6,1,1,1,1,0,1,0,1,1,1,0,2,56,1,0,4
7,1,1,0,1,1,1,1,1,0,0,0,5,23,3,0,2
8,0,0,0,1,1,0,0,0,1,0,1,5,58,0,1,4
9,1,1,0,1,1,1,0,1,1,0,0,1,32,1,0,1
10,0,1,0,1,0,1,1,0,0,0,1,2,53,1,0,4
11,1,1,0,1,1,1,0,1,1,0,1,3,28,2,1,2
12,0,1,0,1,0,1,1,0,0,0,0,0,65,1,1,0
13,1,1,0,1,0,1,0,1,1,1,0,5,54,2,1,4
14,0,1,0,1,0,1,0,0,1,0,0,3,67,2,1,0
15,1,1,0,1,0,1,1,1,0,0,0,3,51,2,1,4
16,1,1,0,1,1,1,1,1,0,0,0,0,34,2,0,1
17,1,1,0,0,1,1,0,1,0,0,0,2,31,2,1,1
18,0,0,0,1,1,1,1,0,1,0,1,4,47,1,0,3
19,1,1,0,1,1,1,0,1,1,0,1,5,37,4,1,1
20,1,1,0,1,1,1,0,1,1,0,1,2,41,0,0,3
21,1,1,0,1,0,1,1,1,1,0,0,2,36,2,1,1
22,1,1,1,1,1,1,1,1,1,0,1,2,23,3,0,2
23,1,1,1,1,0,1,0,1,1,0,0,5,50,4,0,4
24,1,1,0,1,0,1,1,1,0,1,0,2,39,1,0,1
25,1,1,0,1,1,1,1,0,1,0,0,0,35,1,0,1
26,1,1,0,1,1,1,1,1,0,0,1,0,20,1,1,2
27,0,1,0,1,1,1,0,1,0,1,0,0,34,2,0,1
28,0,1,0,0,0,1,0,0,0,0,0,0,55,1,1,4
29,1,1,0,1,0,1,1,1,0,1,0,3,24,1,0,2
30,1,1,0,1,1,1,1,1,0,0,0,3,44,2,1,3
31,0,1,0,0,0,1,1,1,0,1,0,3,40,2,0,3
32,1,1,0,1,1,1,1,1,0,0,0,1,55,2,1,4
33,0,1,0,1,1,1,1,0,0,0,1,4,37,0,1,1
34,1,1,0,1,0,1,1,1,0,1,0,4,48,3,1,3
35,0,1,0,1,1,1,1,0,0,0,1,2,54,1,0,4
36,1,1,0,1,0,1,1,1,0,1,0,3,38,1,0,1
37,0,1,0,1,1,1,1,0,0,0,1,5,49,1,0,3
38,0,0,0,1,1,1,1,0,0,0,1,4,35,0,0,1
39,0,0,0,1,1,1,0,0,1,0,1,4,55,0,1,4
40,1,0,0,1,0,0,0,1,1,0,0,2,31,0,1,1
41,1,1,0,1,0,1,1,1,0,1,0,3,57,4,1,4
42,1,1,1,1,0,1,1,1,0,1,0,4,69,4,1,0
43,1,1,0,1,0,1,0,1,0,0,0,3,37,1,0,1
44,0,1,0,1,1,1,1,0,0,0,1,5,60,0,1,0
45,1,1,1,1,1,1,1,1,1,1,1,2,36,2,1,1
46,0,1,0,0,0,1,0,1,0,1,0,1,54,1,1,4
47,1,1,0,1,0,1,0,1,1,0,0,4,66,2,1,0
48,1,1,0,1,0,1,1,1,0,0,0,0,32,2,0,1
49,1,1,0,1,1,1,1,1,0,0,0,2,67,0,1,0
50,0,1,1,1,1,1,0,0,1,0,1,4,42,3,0,3
51,1,1,0,1,1,1,1,0,0,0,0,2,26,2,0,2
52,1,1,0,1,1,1,0,1,1,0,0,1,58,0,0,4
53,0,1,0,1,0,1,0,0,1,0,1,5,48,2,1,3
54,1,1,0,0,0,1,1,1,0,1,0,4,54,2,0,4
55,0,1,0,1,0,1,1,1,0,0,0,0,62,0,1,0
56,0,1,0,1,1,1,1,0,0,0,1,4,52,0,0,4
57,0,1,0,1,1,1,1,0,0,0,0,0,53,1,1,4
58,1,1,0,1,0,1,1,1,0,0,0,4,47,4,1,3
59,1,1,0,1,1,1,1,1,0,0,0,5,26,2,0,2
60,1,1,0,1,1,1,0,1,0,0,0,5,29,3,0,1
61,1,1,0,1,1,1,1,1,0,1,0,3,24,3,1,2
62,1,1,0,1,0,1,1,1,0,1,0,5,25,3,0,2
63,0,1,0,1,1,1,0,0,1,0,0,0,54,2,1,4
64,1,1,0,1,1,1,1,1,0,0,0,4,23,2,0,2
65,0,0,0,1,0,1,0,0,1,0,1,0,34,0,0,1
66,0,1,0,0,0,0,0,0,1,0,0,1,47,1,1,3
67,1,1,1,1,1,1,1,1,1,1,1,3,22,3,1,2
68,0,1,0,1,0,1,1,1,0,1,0,0,47,0,1,3
69,1,1,0,1,0,1,1,1,0,0,0,4,56,2,1,4
70,0,1,0,1,0,1,1,0,0,1,0,1,55,1,1,4
71,1,1,0,0,0,1,1,1,0,1,0,3,56,1,0,4
72,0,1,0,1,0,0,0,1,1,0,0,0,56,1,0,4
73,0,1,0,1,1,1,1,1,0,0,0,2,37,1,0,1
74,1,1,0,0,0,1,1,1,0,1,0,5,50,3,0,4
75,0,1,0,1,1,0,0,0,1,0,1,1,40,1,1,3
76,1,1,0,1,0,1,1,1,0,0,0,4,61,3,1,0
77,0,1,0,1,0,1,0,0,1,0,0,2,55,1,1,4
78,1,1,1,1,1,1,0,1,1,0,0,1,45,0,0,3
79,1,1,0,0,0,1,1,1,0,1,0,1,42,2,1,3
80,0,1,0,1,1,1,0,0,0,0,1,2,52,1,1,4
81,0,1,0,1,0,1,1,1,0,0,0,2,58,0,0,4
82,0,1,0,1,0,1,1,1,0,0,0,1,48,2,1,3
83,1,1,0,0,0,1,1,1,0,1,0,3,58,3,1,4
84,0,0,0,1,1,1,0,1,1,0,0,3,18,0,1,2
85,1,1,0,0,0,1,1,1,0,0,0,4,68,2,0,0
86,1,1,0,1,1,1,1,1,1,0,1,1,49,2,0,3
87,0,1,0,1,1,0,0,1,1,0,0,5,50,3,0,4
88,1,1,0,1,0,1,0,1,1,0,0,2,43,1,0,3
89,1,1,1,1,0,1,1,1,1,0,0,4,67,1,1,0
90,1,1,0,1,0,1,1,1,0,0,0,1,40,3,0,3
91,1,1,0,1,1,1,1,1,0,0,1,5,35,0,1,1
92,0,0,0,1,1,0,0,0,1,0,1,5,42,1,0,3
93,0,1,0,1,0,1,1,1,0,0,0,2,41,1,0,3
94,1,1,0,1,1,1,1,1,0,1,0,4,32,2,1,1
95,1,1,0,1,1,1,0,1,0,0,0,3,21,2,0,2
96,0,1,0,1,1,1,1,1,0,0,0,4,56,3,0,4
97,0,1,0,1,1,1,0,0,0,0,0,2,27,1,1,2
98,0,1,0,1,1,1,0,0,1,0,0,0,48,0,0,3
99,1,1,0,1,0,1,1,1,0,0,0,2,32,3,1,1
100,0,1,0,1,1,1,1,0,0,0,0,3,50,2,1,4
101,1,1,0,1,1,1,0,1,1,0,0,2,42,0,0,3
102,1,1,1,1,1,1,1,1,1,1,1,5,35,4,1,1
103,1,1,1,1,0,1,1,1,0,0,0,4,57,2,0,4
104,1,1,0,1,0,1,0,1,0,0,0,3,68,2,1,0
105,0,1,0,1,0,1,0,0,1,0,0,3,51,2,0,4
106,1,1,0,1,1,0,0,1,1,0,1,2,42,1,0,3
107,0,1,0,1,0,0,0,0,0,0,0,0,44,1,0,3
108,1,1,0,1,0,1,1,1,0,0,0,2,57,0,0,4
109,0,1,0,1,1,1,1,0,0,0,0,2,56,0,0,4
110,0,1,1,1,0,0,0,0,0,0,0,2,57,1,0,4
111,1,1,0,0,0,1,0,1,1,1,0,5,33,3,0,1
112,0,0,0,1,1,0,0,0,1,0,1,3,63,1,1,0
113,1,1,0,1,0,1,0,1,1,0,0,2,55,2,1,4
114,0,1,0,1,1,0,0,0,1,0,0,0,39,1,0,1
115,0,1,0,1,0,1,1,0,0,0,0,3,65,0,1,0
116,1,1,1,1,1,1,1,1,0,1,0,4,47,3,0,3
117,1,1,0,1,0,1,1,1,0,1,0,1,37,1,0,1
118,0,1,0,1,1,1,1,0,0,0,1,1,22,0,1,2
119,0,1,0,1,1,1,1,0,0,0,0,2,51,1,1,4
120,1,1,0,0,0,1,1,1,0,1,0,5,24,2,0,2
121,1,1,1,1,1,1,1,1,1,0,0,1,49,2,0,3
122,1,1,0,1,0,1,0,1,1,1,0,5,55,2,0,4
123,0,1,0,1,0,1,1,0,0,0,1,5,48,0,1,3
124,1,1,0,1,1,1,1,1,0,0,0,3,24,1,0,2
125,0,1,0,1,0,1,0,1,1,0,0,2,47,1,1,3
126,0,1,0,1,0,1,1,0,0,0,1,4,54,0,1,4
127,1,1,0,1,0,1,1,1,0,0,0,4,23,3,0,2
128,0,1,0,1,1,1,1,0,0,1,0,1,34,1,0,1
129,1,1,0,1,1,1,1,1,0,0,1,3,32,2,0,1
130,0,1,0,0,0,1,1,0,0,0,0,3,58,2,0,4
131,0,1,0,1,0,1,0,0,1,0,0,0,46,0,0,3
132,1,1,0,1,0,1,1,1,0,0,0,0,23,1,0,2
133,1,1,0,1,1,1,1,1,0,0,0,1,31,2,1,1
134,0,1,0,1,1,1,1,1,0,0,0,0,59,0,1,0
135,0,1,1,1,1,1,0,0,1,1,0,0,47,2,1,3
136,1,1,0,1,0,1,1,1,0,0,0,3,58,4,0,4
137,1,1,0,1,0,1,1,1,0,0,0,4,55,1,1,4
138,1,1,0,1,1,0,1,1,0,0,0,4,62,2,0,0
139,1,1,0,1,1,1,1,1,0,0,0,2,20,2,1,2
140,0,1,0,1,0,1,1,1,0,0,0,0,42,1,1,3
141,0,1,0,1,1,1,1,0,0,0,1,3,29,2,1,1
142,0,1,0,1,0,1,0,0,1,0,0,1,63,2,1,0
143,0,1,0,1,1,1,1,1,0,0,1,2,26,3,1,2
144,1,0,0,1,1,1,1,1,0,0,0,5,19,2,0,2
145,1,1,0,1,0,1,1,1,0,0,0,1,61,0,0,0
146,1,1,0,1,1,1,0,1,1,0,0,5,19,3,1,2
147,1,1,0,1,0,1,0,1,1,1,0,4,56,2,0,4
148,0,1,0,1,1,1,0,0,1,0,1,4,39,0,0,1
149,1,1,0,1,1,1,0,1,1,0,0,0,45,2,1,3
150,0,0,0,1,1,0,0,0,1,0,1,5,52,0,1,4
151,1,1,0,0,0,1,1,1,0,1,0,0,42,2,0,3
152,1,1,0,1,1,1,0,1,1,0,0,3,47,2,0,3
153,1,1,0,1,0,1,1,1,0,0,0,5,22,3,0,2
154,1,1,1,1,1,1,1,1,0,0,0,2,63,2,1,0
155,1,1,0,1,1,1,1,1,0,0,0,5,65,1,0,0
156,0,1,0,0,0,1,1,1,0,0,0,1,63,1,1,0
157,1,1,0,1,1,1,0,1,1,0,0,3,25,2,1,2
158,1,1,0,1,1,1,0,1,1,0,0,1,62,0,1,0
159,0,1,0,1,1,0,1,0,0,0,0,0,59,0,0,0
160,0,1,0,1,1,1,1,1,0,0,0,1,67,0,1,0
161,0,0,0,1,1,1,0,0,1,0,1,5,60,0,1,0
162,1,1,0,0,0,1,1,1,0,1,0,4,69,3,1,0
163,0,0,0,1,1,1,0,0,1,0,1,5,40,0,1,3
164,1,1,0,0,0,1,1,1,0,1,0,2,67,0,1,0
165,1,1,0,0,0,1,1,1,0,1,0,2,37,1,0,1
166,0,1,1,0,1,1,0,0,1,0,0,4,65,1,1,0
167,1,1,0,1,0,1,0,1,1,0,0,3,64,2,0,0
168,1,1,0,1,0,1,1,1,0,0,0,4,57,2,0,4
169,1,1,0,1,1,1,0,1,1,1,0,5,37,3,1,1
170,1,1,0,1,1,1,0,1,1,1,0,2,39,2,0,1
171,1,1,0,1,0,1,0,1,0,0,0,1,64,1,1,0
172,1,1,0,1,1,1,1,1,0,0,1,2,23,0,1,2
173,1,0,1,1,1,1,1,0,0,0,1,2,50,3,0,4
174,0,1,0,1,1,1,0,0,1,0,1,4,60,1,1,0
175,0,1,0,1,1,1,0,0,1,0,1,2,32,0,1,1
176,0,1,0,1,1,1,1,0,0,0,1,5,59,0,0,0
177,0,0,0,1,0,1,0,0,1,0,1,2,37,2,1,1
178,1,1,0,1,1,1,0,1,0,1,0,3,25,4,0,2
179,0,1,0,0,0,1,0,0,0,0,0,3,55,2,1,4
180,0,1,0,1,1,1,0,1,1,0,1,2,25,2,1,2
181,0,1,0,0,0,1,1,0,0,1,1,3,35,0,0,1
182,0,0,1,1,1,1,1,0,0,0,1,4,58,0,0,4
183,0,1,0,1,1,1,1,0,0,0,1,5,32,0,1,1
184,1,1,0,1,1,1,1,1,1,0,1,5,45,0,0,3
185,0,1,0,1,0,1,0,0,1,0,0,3,60,0,0,0
186,0,1,0,1,0,1,1,1,0,0,0,3,59,0,1,0
187,0,1,0,1,0,1,1,0,0,0,0,0,36,2,0,1
188,0,1,0,1,1,1,1,0,0,0,1,0,55,0,1,4
189,1,1,0,1,0,1,1,0,0,0,0,1,55,1,0,4
190,1,1,0,1,0,1,0,1,1,0,0,3,22,2,0,2
191,1,1,0,1,1,1,1,1,0,0,0,3,21,3,0,2
192,1,1,0,1,1,1,1,1,0,0,0,1,62,3,1,0
193,1,1,0,1,1,1,1,1,0,0,0,3,29,2,1,1
194,1,1,0,1,1,1,1,1,0,1,0,1,36,2,0,1
195,0,1,0,1,1,1,0,0,0,0,0,0,44,0,1,3
196,0,1,0,1,1,1,1,0,0,0,0,2,47,0,0,3
197,0,0,0,1,1,0,0,0,1,0,1,5,57,0,0,4
198,0,1,0,1,0,1,1,1,0,0,0,1,23,0,0,2
199,1,1,0,1,1,1,1,1,0,0,0,5,31,3,0,1
200,1,1,0,0,0,1,1,1,0,1,0,4,70,4,0,0
201,1,1,1,1,0,1,1,1,0,1,0,5,24,3,1,2
202,0,1,0,1,1,1,0,1,1,0,0,3,27,1,1,2
203,0,1,0,1,1,1,1,0,0,0,1,5,58,0,0,4
204,0,1,1,1,0,1,1,0,0,0,0,2,51,3,1,4
205,0,0,0,1,1,0,0,0,1,0,1,2,36,1,1,1
206,0,1,0,1,0,1,1,1,0,0,0,0,36,2,0,1
207,0,0,1,1,1,1,0,0,1,0,1,0,43,1,1,3
208,0,1,1,1,1,0,0,0,1,0,1,3,64,0,1,0
209,0,1,0,1,0,1,0,0,1,0,1,3,52,2,1,4
210,0,1,0,1,0,1,1,1,0,0,0,1,53,0,1,4
211,0,1,0,1,1,1,0,0,1,0,1,5,52,0,0,4
212,1,1,1,1,1,1,1,1,0,0,0,3,33,3,0,1
213,1,1,0,1,1,1,1,1,0,0,0,5,24,3,1,2
214,1,1,0,0,0,1,0,1,0,0,0,4,64,2,0,0
215,1,1,1,1,1,1,0,1,1,1,1,3,41,2,1,3
216,0,0,0,1,1,0,1,0,0,0,1,5,56,0,0,4
217,1,1,0,1,0,1,1,1,0,1,0,4,49,2,0,3
218,1,0,0,1,1,1,0,1,1,0,0,1,24,0,0,2
219,0,1,0,1,0,1,1,0,0,0,0,2,62,1,0,0
220,0,1,0,0,0,1,1,1,0,0,0,0,56,1,1,4
221,1,1,0,1,1,0,0,1,0,0,0,3,67,1,1,0
222,1,1,0,1,0,1,1,1,0,0,0,3,27,2,1,2
223,0,1,0,1,0,1,0,0,1,0,1,4,53,0,1,4
224,1,1,1,1,0,1,1,1,0,1,1,4,60,0,0,0
225,0,1,0,1,1,1,1,1,0,0,0,0,51,0,0,4
226,0,1,1,1,1,1,0,1,1,0,0,5,67,0,0,0
227,1,1,0,1,0,1,1,1,0,0,0,3,27,2,0,2
228,0,1,0,1,1,1,0,0,1,0,0,0,56,1,1,4
229,1,1,0,1,1,1,1,1,0,0,0,4,39,2,1,1
230,1,1,0,1,0,1,1,1,0,0,0,4,35,3,0,1
231,1,1,0,1,1,1,1,1,0,0,0,2,68,2,0,0
232,1,1,0,0,1,1,1,1,0,1,0,5,57,3,0,4
233,0,1,0,1,1,1,1,0,0,0,1,5,50,0,0,4
234,1,1,0,0,0,1,1,1,0,1,0,3,64,2,0,0
235,0,1,0,1,0,1,1,0,0,0,0,3,66,3,0,0
236,1,1,1,0,0,1,1,1,0,1,0,5,27,4,1,2
237,0,0,0,1,0,1,0,0,1,0,1,5,70,0,1,0
238,0,1,0,1,1,0,1,1,1,0,0,1,51,2,1,4
239,1,1,0,1,0,1,1,1,0,0,0,0,60,0,0,0
240,0,0,0,1,0,1,0,0,1,0,1,4,49,0,0,3
241,0,1,0,1,1,1,1,0,0,0,1,5,54,0,0,4
242,0,0,0,1,1,1,0,0,1,0,1,5,58,0,0,4
243,0,0,0,0,0,1,1,0,0,0,0,3,70,2,0,0
244,1,1,0,0,0,1,0,1,1,0,0,3,59,4,1,0
245,0,1,0,1,0,1,1,0,0,1,0,1,54,0,0,4
246,0,1,1,0,1,1,0,0,1,0,0,3,52,1,0,4
247,1,1,0,1,1,1,1,1,0,1,0,4,22,3,0,2
248,1,1,0,1,1,1,0,1,1,0,0,3,53,1,0,4
249,1,1,0,0,0,1,1,1,0,1,0,5,69,4,0,0
250,0,1,1,1,1,1,0,0,1,0,1,1,20,1,1,2
251,1,1,1,1,0,1,1,0,0,0,0,3,66,2,0,0
252,1,1,0,1,0,1,1,1,0,0,0,5,25,4,0,2
253,1,1,0,1,1,1,0,1,1,0,0,5,31,3,0,1
254,1,1,0,1,0,1,1,1,0,1,0,1,67,2,0,0
255,1,1,1,1,0,1,1,1,0,0,0,3,56,2,0,4
256,0,1,0,1,1,1,1,1,0,0,0,1,48,0,0,3
257,0,1,0,1,0,1,1,0,0,0,0,1,54,1,0,4
258,1,1,0,0,0,1,1,1,0,1,0,5,58,2,1,4
259,1,1,0,1,0,1,1,1,0,0,0,3,42,3,0,3
260,1,1,0,1,0,1,0,1,0,0,0,4,38,3,0,1
261,0,1,0,1,1,1,1,1,0,1,0,2,28,1,1,2
262,1,1,0,1,0,1,0,1,1,0,0,3,47,3,0,3
263,0,0,0,1,1,1,1,0,0,0,0,0,49,0,1,3
264,0,1,0,1,1,1,1,1,0,0,1,0,40,1,0,3
265,0,0,0,1,1,1,0,1,1,1,1,0,31,3,1,1
266,0,1,1,1,1,1,1,0,0,0,0,5,50,0,1,4
267,1,0,1,1,0,1,1,1,0,0,0,1,69,0,0,0
268,1,1,0,1,0,1,1,1,0,1,0,4,40,2,0,3
269,1,1,0,1,1,1,1,1,0,0,1,5,30,2,1,1
270,0,1,0,1,1,1,1,1,0,0,1,3,44,0,1,3
271,1,1,0,1,1,1,0,1,1,0,0,3,32,2,1,1
272,1,1,0,1,0,1,1,1,0,0,0,3,67,3,1,0
273,1,1,0,1,1,1,1,1,0,0,0,5,18,3,0,2
274,0,1,0,1,1,1,1,0,0,0,0,3,27,0,0,2
275,0,1,0,1,1,1,0,0,1,0,0,1,61,0,0,0
276,0,1,0,1,0,1,1,0,0,0,0,4,47,0,1,3
277,1,1,0,1,1,1,1,1,0,0,0,4,20,1,1,2
278,1,1,0,1,1,1,1,1,0,0,0,4,26,3,1,2
279,0,1,0,1,0,1,1,0,0,0,0,4,65,0,0,0
280,0,0,1,1,1,0,0,0,1,0,1,5,64,0,1,0
281,1,1,0,1,1,1,1,1,0,1,0,5,20,3,1,2
282,1,1,0,1,1,0,0,1,1,0,0,2,29,2,0,1
283,1,1,1,1,1,1,0,1,1,0,0,2,45,2,0,3
284,1,0,0,1,0,1,1,1,0,0,0,0,31,0,0,1
285,1,1,0,1,1,1,1,1,0,0,0,5,41,3,0,3
286,0,0,0,1,0,1,0,0,1,0,0,5,61,0,0,0
287,0,0,0,1,1,1,0,0,1,0,1,5,69,0,0,0
288,0,1,0,1,1,1,1,0,0,0,1,1,28,2,1,2
289,0,1,0,0,0,1,0,0,0,0,0,3,68,2,1,0
290,0,0,0,1,0,1,1,0,0,0,0,4,60,0,1,0
291,1,1,0,1,1,1,0,1,0,0,0,0,56,0,0,4
292,0,1,0,1,0,1,0,0,1,0,0,0,61,0,0,0
293,0,1,1,1,1,1,0,1,1,0,0,0,61,3,1,0
294,0,1,0,1,0,1,1,0,0,0,0,4,63,0,1,0
295,0,1,0,1,0,1,1,1,0,0,0,3,40,2,0,3
296,0,1,0,1,1,1,1,1,0,1,0,1,36,1,1,1
297,1,1,0,1,1,1,1,0,0,0,0,1,30,2,0,1
298,1,1,0,1,0,1,0,1,1,0,0,4,32,2,0,1
299,1,1,0,0,0,1,0,1,1,1,0,5,37,4,1,1
300,1,1,0,1,0,0,1,1,0,1,0,3,61,3,1,0
301,1,1,0,1,1,1,0,1,1,0,0,3,34,2,0,1
302,1,1,0,1,1,1,0,1,1,0,0,1,24,2,1,2
303,1,1,0,1,1,0,0,1,1,0,0,1,39,2,1,1
304,0,1,0,1,0,1,0,1,1,0,0,0,50,1,1,4
305,1,1,0,1,0,1,0,1,1,1,0,1,46,2,1,3
306,1,1,0,1,0,1,0,0,1,0,0,2,43,2,0,3
307,1,1,0,1,0,1,1,1,0,0,0,4,36,2,1,1
308,1,0,0,0,1,0,0,1,1,0,1,5,26,3,1,2
309,1,1,0,1,0,1,1,1,0,1,0,2,32,2,0,1
310,0,0,0,1,1,0,0,0,1,0,1,5,50,0,0,4
311,0,1,0,1,1,1,1,0,0,0,0,2,56,0,0,4
312,1,1,0,1,0,1,1,1,0,0,0,3,57,1,0,4
313,1,1,0,1,1,1,1,1,0,0,0,1,25,0,1,2
314,0,1,0,1,1,1,1,1,0,0,0,1,47,2,0,3
315,1,1,0,1,0,1,0,1,1,0,0,0,32,0,1,1
316,1,1,0,1,0,1,1,1,0,1,0,3,32,3,0,1
317,0,1,0,1,1,1,1,1,0,1,0,0,57,1,0,4
318,1,1,0,1,1,1,1,1,0,0,0,5,42,3,1,3
319,0,1,0,1,0,1,1,0,0,0,0,2,31,3,1,1
320,0,0,0,1,1,1,0,0,1,0,1,3,37,0,0,1
321,1,1,0,0,0,1,1,1,1,1,0,3,33,1,0,1
322,1,1,0,1,0,1,0,1,0,0,0,1,46,1,0,3
323,1,1,0,1,0,1,0,1,1,0,0,2,41,1,0,3
324,0,1,0,0,0,1,1,0,0,1,0,1,60,1,1,0
325,1,1,0,1,0,1,1,1,0,1,0,2,42,2,1,3
326,0,1,0,1,0,1,1,1,0,0,0,1,45,2,0,3
327,1,1,0,1,1,1,0,0,0,0,0,0,36,1,1,1
328,1,1,0,1,0,0,0,1,1,1,0,2,44,2,1,3
329,1,1,1,0,1,0,0,1,1,0,0,1,34,2,1,1
330,1,0,0,1,1,1,1,1,0,0,0,2,22,1,1,2
331,0,1,0,1,1,1,1,0,0,0,1,4,64,1,1,0
332,1,1,0,0,0,1,1,1,0,1,0,5,36,2,1,1
333,1,1,0,1,1,1,1,1,0,0,0,5,23,2,1,2
334,0,1,0,1,0,1,1,1,0,0,0,4,69,1,0,0
335,0,1,0,1,1,1,1,0,0,0,0,5,64,0,0,0
336,1,1,0,1,0,1,1,1,0,0,0,4,53,1,1,4
337,0,1,0,1,1,0,0,0,0,0,1,4,40,0,0,3
338,0,1,0,1,0,1,1,0,0,0,1,4,56,1,0,4
339,0,1,0,1,1,0,0,1,0,0,0,2,48,3,0,3
340,1,0,0,1,0,1,1,1,0,1,0,5,62,2,0,0
341,1,1,0,0,0,1,1,1,0,1,0,2,65,1,0,0
342,1,1,0,0,0,1,0,1,1,0,0,4,34,2,1,1
343,0,1,0,1,1,1,0,0,0,0,1,5,27,0,0,2
344,1,1,0,1,0,1,1,1,0,0,0,2,25,1,1,2
345,1,1,0,1,1,1,1,1,0,0,1,1,55,0,0,4
346,1,1,0,1,0,1,1,1,0,0,0,5,38,3,0,1
347,1,1,0,1,0,1,0,1,1,1,0,1,52,2,0,4
348,1,1,0,1,0,0,0,1,1,0,0,3,36,2,1,1
349,1,1,0,1,1,1,1,1,0,0,0,1,36,2,1,1
350,1,1,0,1,0,1,0,1,1,0,0,0,52,2,0,4
351,1,1,0,1,1,1,1,1,1,0,0,5,49,3,0,3
352,0,1,0,1,0,1,0,1,0,0,0,2,58,2,0,4
353,1,1,1,0,0,1,1,1,0,1,0,3,67,2,0,0
354,0,1,0,1,1,1,1,1,0,0,1,1,56,1,0,4
355,1,1,0,1,1,0,0,1,1,0,0,2,43,3,0,3
356,1,1,0,1,0,1,1,1,0,0,0,1,43,3,0,3
357,1,1,0,1,1,1,0,1,1,0,1,1,23,1,0,2
358,1,1,0,1,1,1,1,1,1,0,0,1,29,3,1,1
359,0,1,0,1,1,0,0,0,1,0,1,4,32,0,1,1
360,0,1,0,1,1,1,1,0,0,0,0,1,35,3,0,1
361,1,1,0,0,1,1,0,1,1,0,1,2,46,3,1,3
362,0,1,0,0,0,1,1,1,0,1,0,3,55,2,0,4
363,1,1,0,1,0,1,1,1,0,0,0,4,45,3,0,3
364,1,1,0,1,0,0,0,1,1,0,0,2,39,1,1,1
365,0,1,0,0,0,1,0,1,1,1,1,3,52,0,1,4
366,1,1,0,1,0,1,0,1,1,0,0,3,53,2,0,4
367,1,1,1,1,1,1,0,1,0,0,0,3,44,2,1,3
368,0,1,0,1,1,1,1,1,0,0,0,1,55,0,0,4
369,1,1,0,1,0,1,1,1,0,1,0,5,21,4,0,2
370,0,1,0,0,0,1,1,1,0,0,0,1,48,2,1,3
371,1,1,1,1,1,0,0,1,1,0,0,3,57,2,0,4
372,1,1,0,1,1,1,0,1,1,0,0,3,26,3,1,2
373,1,1,0,0,0,1,1,1,0,0,0,2,52,2,0,4
374,1,1,0,1,1,1,0,1,1,0,0,4,28,3,1,2
375,0,1,0,0,0,1,0,1,0,0,0,2,58,2,1,4
376,1,1,0,0,0,0,1,1,0,1,0,5,34,2,1,1
377,1,1,0,1,0,1,1,0,0,0,0,4,39,1,1,1
378,1,1,1,1,1,1,0,1,1,0,0,3,20,2,1,2
379,0,1,0,1,0,1,0,0,0,0,1,0,61,0,0,0
380,1,1,0,1,0,0,0,0,1,0,0,4,35,3,1,1
381,0,1,0,1,1,1,0,0,1,0,1,5,27,0,1,2
382,1,1,0,1,1,1,1,1,0,0,0,3,50,2,0,4
383,1,1,0,1,1,1,1,1,0,0,0,3,58,2,0,4
384,0,1,0,1,1,1,1,0,0,0,1,1,29,2,0,1
385,1,1,0,1,1,1,0,1,1,0,0,3,23,3,1,2
386,1,1,0,0,0,1,0,1,0,0,0,2,47,1,1,3
387,1,1,0,1,1,1,1,1,0,0,0,2,58,1,0,4
388,0,1,0,1,0,1,0,0,1,0,0,0,49,2,0,3
389,1,1,0,1,0,1,0,0,0,0,0,1,27,2,0,2
390,1,1,0,1,1,1,1,1,0,0,0,5,20,4,0,2
391,1,1,0,1,1,0,0,1,1,0,1,0,43,1,1,3
392,0,1,0,1,0,1,0,0,1,0,1,0,62,1,0,0
393,0,0,0,1,0,1,1,0,0,0,1,5,55,0,0,4
394,0,0,0,1,1,1,1,1,0,0,0,3,62,0,0,0
395,0,1,0,1,1,1,1,0,0,0,1,3,56,0,0,4
396,0,1,0,1,0,1,1,0,0,0,0,4,60,0,1,0
397,1,1,0,1,0,1,1,1,0,0,0,1,42,2,0,3
398,1,1,0,1,1,1,1,1,0,0,0,4,26,3,0,2
399,0,1,0,1,0,1,1,0,0,0,0,1,55,0,0,4
400,1,1,0,1,0,1,0,1,0,0,0,4,42,3,1,3
401,0,1,0,0,0,1,1,1,0,1,0,3,67,0,0,0
402,1,1,0,1,0,1,0,1,1,0,0,3,43,3,1,3
403,0,1,0,1,1,1,1,0,0,0,0,0,42,2,0,3
404,1,1,0,0,0,1,1,1,0,1,0,5,50,3,0,4
405,0,1,0,1,1,1,1,0,0,0,1,4,20,0,0,2
406,0,0,0,1,0,1,0,0,1,0,1,5,50,0,1,4
407,1,1,1,1,1,1,0,1,1,0,0,1,60,0,1,0
408,1,1,0,1,1,1,1,1,0,0,0,1,21,0,1,2
409,1,1,0,1,0,1,0,1,1,0,0,4,33,2,1,1
410,1,1,0,1,0,1,1,0,0,0,0,0,68,1,0,0
411,1,1,0,1,1,1,1,1,0,0,0,3,26,2,1,2
412,1,1,0,1,0,1,1,1,0,0,0,1,60,2,0,0
413,1,1,0,1,1,1,0,1,1,0,0,3,52,1,0,4
414,1,1,1,0,0,1,1,1,0,1,0,4,70,1,0,0
415,0,0,0,1,1,1,1,0,1,0,1,5,44,0,0,3
416,1,1,0,1,1,1,0,1,1,0,0,2,23,1,0,2
417,0,1,1,1,0,1,0,0,0,0,0,1,62,1,0,0
418,0,1,1,1,0,1,1,1,0,0,0,2,59,3,0,0
419,1,1,0,0,0,1,1,1,0,1,0,5,66,3,0,0
420,0,1,0,1,0,1,0,0,1,1,0,1,44,2,1,3
421,1,1,0,1,1,1,0,1,1,0,0,3,25,2,1,2
422,1,1,0,1,0,0,0,1,1,1,0,3,41,2,1,3
423,1,1,0,0,0,1,1,1,0,0,0,4,41,4,1,3
424,1,1,0,0,0,1,1,1,0,1,0,3,33,3,1,1
425,0,1,0,1,1,1,0,0,1,0,1,1,45,2,0,3
426,1,1,0,1,0,1,1,1,0,1,0,5,23,4,0,2
427,0,0,0,1,1,1,0,0,1,0,1,4,52,0,0,4
428,0,1,0,1,0,1,1,0,0,0,0,2,63,2,0,0
429,1,1,1,1,1,1,1,1,1,1,1,4,48,2,0,3
430,0,1,0,1,1,1,0,1,1,0,1,5,52,0,1,4
431,0,0,0,1,1,1,1,0,1,0,1,5,50,0,1,4
432,1,1,0,1,1,1,1,1,0,1,1,2,28,2,1,2
433,1,1,0,1,1,1,0,1,1,0,1,1,24,2,1,2
434,0,1,0,1,0,0,0,0,1,0,0,0,45,3,0,3
435,1,1,0,1,1,0,0,0,1,0,0,2,26,1,0,2
436,1,1,0,1,1,1,0,1,0,0,1,1,19,1,1,2
437,0,1,0,1,0,1,0,1,1,0,0,2,45,1,1,3
438,0,1,0,0,0,1,0,0,1,1,0,1,44,1,1,3
439,1,1,0,1,1,1,0,1,0,0,0,2,47,2,1,3
440,0,1,0,1,0,1,1,1,0,0,0,3,28,2,1,2
441,0,1,0,1,0,1,1,0,0,0,0,2,62,1,0,0
442,1,1,1,0,1,1,1,1,0,0,0,1,33,3,1,1
443,1,1,0,0,0,0,1,1,0,1,0,3,67,1,0,0
444,1,1,0,0,0,1,1,1,0,1,0,1,67,0,0,0
445,1,1,1,1,1,1,1,1,1,0,1,2,49,2,1,3
446,1,1,0,1,1,1,1,1,0,0,0,4,33,3,0,1
447,1,1,0,0,0,1,1,1,0,1,0,5,51,4,0,4
448,1,1,0,0,0,1,1,1,0,1,0,3,52,3,0,4
449,1,1,1,1,1,1,1,1,1,1,0,5,30,4,1,1
450,1,1,0,1,0,1,0,1,1,0,0,2,60,2,0,0
451,0,1,0,1,0,1,0,0,1,0,0,3,47,1,0,3
452,0,1,0,0,0,1,0,1,1,0,0,2,44,2,1,3
453,1,1,0,1,0,1,0,1,1,0,0,2,43,1,0,3
454,0,1,0,1,1,1,1,0,0,0,0,2,46,2,1,3
455,0,1,0,1,0,1,0,1,0,0,0,1,40,2,0,3
456,0,1,0,1,1,1,0,0,0,0,0,0,48,0,0,3
457,0,1,0,1,1,1,0,0,1,0,1,0,53,2,0,4
458,1,1,0,1,0,1,0,1,1,0,0,4,35,1,1,1
459,0,1,0,1,0,1,1,0,0,1,0,4,51,1,1,4
460,1,1,0,1,1,1,1,0,1,0,0,2,26,2,1,2
461,0,1,0,1,1,1,0,0,1,0,0,2,46,1,0,3
462,1,1,0,1,1,1,1,1,0,0,0,2,39,2,0,1
463,1,1,0,1,0,1,1,1,0,0,0,0,38,0,1,1
464,1,1,0,1,0,1,1,1,0,0,0,4,40,2,0,3
465,1,1,0,1,0,1,1,1,0,0,0,5,36,2,0,1
466,0,1,0,1,0,1,1,0,0,0,0,0,56,0,0,4
467,1,1,0,1,1,1,1,1,0,0,0,5,23,2,0,2
468,1,1,0,1,0,1,1,1,0,0,0,5,39,2,0,1
469,0,1,0,1,1,1,1,0,0,0,1,2,22,1,0,2
470,1,1,0,0,0,1,1,1,0,0,0,3,27,2,1,2
471,1,1,0,1,1,1,1,1,0,0,0,0,23,1,0,2
472,1,1,0,1,1,1,1,1,0,0,0,2,21,1,0,2
473,1,1,1,1,1,1,1,1,1,1,1,3,33,1,1,1
474,0,0,0,1,1,1,1,0,0,0,1,5,24,0,0,2
475,1,1,0,1,1,1,1,1,0,1,0,5,22,4,0,2
476,0,0,0,1,1,1,1,0,0,0,1,5,54,1,0,4
477,0,1,1,1,1,0,0,0,1,0,1,3,56,1,0,4
478,1,1,0,1,1,1,1,1,0,0,0,4,20,2,1,2
479,1,1,1,0,0,0,0,1,1,1,0,4,41,2,0,3
480,0,1,1,0,0,1,0,1,1,0,0,4,70,2,1,0
481,1,1,0,1,1,1,1,1,0,1,0,4,54,2,0,4
482,1,1,0,1,1,1,0,1,1,1,0,3,23,2,1,2
483,1,1,0,0,0,1,1,1,0,1,0,2,61,2,0,0
484,0,1,0,1,0,1,0,1,1,0,0,1,52,3,0,4
485,1,1,0,1,0,1,1,1,0,1,0,3,61,3,0,0
486,0,1,1,1,0,1,1,0,0,0,1,2,66,1,0,0
487,1,1,0,1,1,1,0,1,1,0,0,1,40,2,0,3
488,1,1,1,1,1,1,1,1,1,1,1,5,26,0,1,2
489,0,1,0,0,1,1,0,0,1,1,0,2,32,2,1,1
490,1,1,0,1,1,1,1,1,0,0,0,2,60,1,1,0
491,1,1,0,1,0,1,1,1,0,0,0,3,38,2,1,1
492,1,1,0,1,1,1,0,1,1,0,0,3,29,1,1,1
493,0,0,0,1,1,1,0,0,1,0,0,5,69,0,1,0
494,0,1,0,1,1,1,1,0,0,0,0,2,64,0,1,0
495,0,1,0,1,1,1,0,0,0,0,1,5,40,0,1,3
496,1,1,0,1,1,1,0,1,1,0,0,1,42,2,1,3
497,1,1,0,1,0,1,1,1,0,0,0,5,64,2,0,0
498,1,1,0,1,1,1,0,1,1,1,0,5,22,3,1,2
499,1,1,0,1,1,1,1,1,0,0,0,2,57,1,0,4
500,1,1,0,1,1,1,0,1,1,0,0,2,28,1,0,2
501,1,1,0,1,0,1,1,1,0,1,0,5,41,2,0,3
502,1,1,1,1,1,1,0,1,1,0,0,0,56,4,1,4
503,1,1,0,0,0,1,1,1,0,1,0,3,50,2,0,4
504,0,1,0,1,1,1,1,0,1,0,1,5,68,0,1,0
505,0,1,0,1,0,1,0,1,1,0,1,5,62,0,1,0
506,1,1,0,1,1,1,1,1,0,0,0,4,58,1,0,4
507,1,1,0,0,0,1,1,1,0,1,0,5,47,4,1,3
508,1,1,0,1,0,1,0,1,1,1,0,3,35,2,0,1
509,1,1,1,1,0,1,1,1,0,0,0,4,58,2,1,4
510,1,1,0,1,1,1,1,1,0,0,0,5,21,3,0,2
511,1,1,0,1,0,1,1,1,0,1,0,3,53,1,0,4
512,1,1,0,1,0,1,1,1,0,1,0,5,38,2,0,1
513,1,1,0,1,0,1,0,1,1,0,0,5,59,2,1,0
514,1,1,0,1,1,1,0,1,1,0,0,4,39,3,0,1
515,1,1,0,1,1,1,0,1,0,0,0,2,36,1,0,1
516,1,1,0,1,1,1,1,1,0,0,0,5,26,4,0,2
517,0,1,0,1,0,1,0,1,1,0,0,1,53,3,1,4
518,1,1,0,0,0,1,1,1,0,1,0,5,64,2,0,0
519,0,1,0,1,1,1,0,1,1,1,1,3,56,1,0,4
520,0,1,0,1,1,1,0,0,1,0,0,5,65,0,1,0
521,0,0,0,0,1,0,0,0,0,0,1,5,40,0,1,3
522,1,1,0,0,0,1,1,1,0,1,0,5,68,2,1,0
523,1,1,0,1,0,1,1,1,0,0,0,4,65,4,1,0
524,1,1,0,1,1,1,1,1,0,0,0,2,52,2,0,4
525,0,1,0,1,0,1,1,0,0,1,0,4,37,0,0,1
526,0,0,0,1,1,1,1,0,1,0,1,5,32,0,1,1
527,1,1,1,1,0,1,1,1,0,0,0,5,51,3,0,4
528,1,1,0,1,1,1,1,1,0,1,0,3,52,1,0,4
529,1,1,0,0,0,1,0,1,1,1,0,4,57,1,0,4
530,1,1,0,1,0,1,1,1,0,1,0,5,55,1,0,4
531,0,1,0,1,0,1,0,1,1,0,0,0,38,2,0,1
532,0,1,0,1,1,1,1,0,0,0,0,2,44,3,0,3
533,1,1,0,1,0,1,0,1,1,0,0,3,56,0,0,4
534,0,1,0,1,1,0,0,0,0,0,0,1,67,0,0,0
535,1,1,0,1,0,1,0,1,0,1,0,3,43,2,0,3
536,0,1,0,1,0,1,1,1,0,0,0,1,39,1,1,1
537,1,1,0,1,1,1,1,1,0,0,0,2,27,3,0,2
538,1,1,0,1,1,1,0,1,0,0,0,1,29,0,0,1
539,0,1,0,0,1,1,1,0,0,0,0,1,24,0,1,2
540,0,1,0,1,1,1,0,0,1,0,1,5,37,1,1,1
541,1,1,0,1,1,1,0,1,1,0,1,1,22,2,0,2
542,0,1,0,1,0,1,0,1,1,1,1,2,55,0,0,4
543,0,1,0,1,1,1,1,0,0,0,0,2,50,0,1,4
544,1,0,0,0,0,1,0,1,1,1,0,1,26,2,1,2
545,0,1,0,1,0,1,1,1,0,0,0,0,55,1,0,4
546,1,1,0,1,0,1,1,1,0,0,0,2,48,2,0,3
547,1,1,0,1,0,1,0,1,1,0,0,4,25,3,0,2
548,1,1,0,1,1,1,1,1,1,0,0,4,32,4,1,1
549,0,1,0,1,1,1,0,0,1,0,1,1,28,1,0,2
550,0,1,0,1,0,1,1,0,0,0,0,1,52,0,0,4
551,1,1,0,1,0,1,1,0,0,0,0,1,30,3,1,1
552,1,1,0,1,0,1,1,1,0,0,0,2,52,0,0,4
553,1,1,0,0,0,1,1,1,0,0,0,4,55,2,0,4
554,0,0,0,1,1,1,0,0,1,0,1,5,35,0,0,1
555,1,1,0,1,0,1,1,1,0,0,0,3,29,3,1,1
556,1,1,0,1,1,1,1,1,0,0,0,2,55,0,1,4
557,0,1,0,1,1,1,1,1,0,0,1,1,50,1,0,4
558,0,1,0,1,1,1,1,0,0,0,1,2,34,3,1,1
559,0,1,0,1,0,1,1,1,0,0,0,0,59,0,0,0
560,1,1,1,0,0,1,0,1,1,1,0,4,40,3,1,3
561,1,1,0,1,0,1,1,1,0,0,0,3,39,2,0,1
562,0,1,0,1,1,0,0,1,0,1,0,0,46,1,0,3
563,1,1,0,0,0,0,1,1,0,0,0,5,25,3,1,2
564,0,1,0,1,1,0,0,0,1,0,1,3,48,1,1,3
565,1,1,0,1,0,1,1,1,0,0,0,3,56,3,0,4
566,0,1,0,1,1,1,1,0,0,0,1,3,46,0,0,3
567,1,1,1,1,0,1,1,1,0,1,0,5,44,3,1,3
568,0,1,0,0,0,1,1,0,0,1,1,5,55,0,0,4
569,1,1,0,1,1,1,1,1,0,0,0,3,63,4,1,0
570,0,1,0,1,1,1,0,1,1,0,0,1,58,1,1,4
571,1,1,0,1,1,1,1,1,0,0,0,4,18,2,1,2
572,0,1,0,1,0,1,0,1,1,0,0,0,60,1,1,0
573,0,1,0,1,0,1,1,0,0,0,0,5,63,0,0,0
574,1,1,0,1,1,1,1,1,0,0,0,3,30,2,0,1
575,0,1,0,1,1,0,0,0,1,0,0,5,67,0,0,0
576,0,0,0,1,1,1,0,0,1,0,0,5,65,0,0,0
577,1,1,1,1,1,1,1,1,0,1,0,3,61,2,0,0
578,0,1,0,1,0,1,0,1,0,0,0,2,52,3,1,4
579,1,1,0,1,1,1,0,1,1,0,0,3,23,0,0,2
580,0,1,0,1,1,0,0,0,1,0,1,4,41,1,0,3
581,1,1,0,1,1,1,1,1,0,0,1,0,57,1,1,4
582,0,1,0,1,0,1,1,0,0,0,0,0,46,0,0,3
583,1,1,0,1,1,1,0,1,1,0,0,2,36,1,1,1
584,0,0,0,1,1,1,1,0,1,1,1,5,54,0,1,4
585,1,1,0,1,1,1,1,1,0,0,0,2,37,2,1,1
586,1,1,0,1,1,1,1,1,0,0,0,5,33,3,0,1
587,1,1,0,1,1,0,1,1,0,0,0,3,26,3,1,2
588,1,1,0,0,0,0,0,1,1,1,0,4,27,3,1,2
589,0,1,0,1,0,1,1,0,0,0,1,5,34,0,1,1
590,1,1,0,1,0,0,1,1,0,0,0,2,49,2,1,3
591,1,1,0,1,0,1,1,1,0,1,0,3,34,3,0,1
592,0,1,0,1,1,1,1,0,0,0,1,3,37,2,0,1
593,0,1,0,1,1,1,0,0,0,1,0,4,62,0,1,0
594,0,1,0,1,0,1,1,0,0,0,0,2,54,2,1,4
595,0,1,1,1,1,1,1,1,1,1,0,3,37,0,0,1
596,1,1,1,1,1,1,1,1,0,0,0,1,57,1,1,4
597,0,0,0,1,1,0,0,0,1,0,1,1,48,1,1,3
598,0,1,0,1,1,1,1,0,0,0,1,5,59,0,0,0
599,1,1,0,1,0,1,1,1,0,1,0,4,52,2,0,4
600,0,1,0,1,1,1,1,1,0,0,0,1,36,1,0,1
601,0,1,0,1,1,1,1,0,0,0,0,3,35,1,1,1
602,0,1,0,1,1,1,0,0,1,0,1,4,43,0,1,3
603,0,1,0,1,0,1,1,0,0,0,1,4,60,0,0,0
604,0,1,0,1,1,1,1,0,0,0,0,3,32,0,0,1
605,1,1,0,1,0,1,1,1,0,0,0,4,62,3,1,0
606,1,1,0,1,1,1,0,1,1,0,0,4,45,2,1,3
607,1,1,0,1,0,1,1,1,0,0,0,4,45,2,1,3
608,0,0,0,0,0,0,0,0,1,0,1,5,34,2,1,1
609,0,1,0,1,0,1,1,0,0,0,1,5,55,0,1,4
610,0,1,1,1,0,1,0,1,0,0,1,1,36,1,1,1
611,0,1,0,0,0,1,1,0,0,0,0,0,29,0,1,1
612,0,1,0,1,0,1,1,0,0,0,1,5,64,2,0,0
613,0,1,0,1,0,1,1,0,0,0,0,3,66,2,0,0
614,0,1,0,1,0,1,0,1,0,0,0,3,49,2,0,3
615,1,1,0,1,0,1,1,1,0,0,0,2,25,1,0,2
616,0,1,0,1,0,1,1,1,0,1,0,2,58,2,0,4
617,0,1,0,1,0,1,1,1,0,0,0,2,56,0,0,4
618,1,1,0,0,0,1,1,1,1,0,0,3,29,1,0,1
619,0,1,0,1,1,1,1,1,0,0,0,1,70,0,0,0
620,0,1,0,1,1,1,1,0,0,0,1,3,37,1,0,1
621,1,1,0,1,0,1,0,1,1,0,0,2,38,3,1,1
622,1,1,0,1,0,1,1,1,0,1,0,0,59,0,0,0
623,0,1,0,1,1,1,1,0,0,0,0,3,20,1,0,2
624,1,1,0,0,0,1,1,1,0,1,0,5,69,2,0,0
625,0,1,0,1,1,1,0,1,1,0,0,1,66,2,0,0
626,0,1,0,1,0,1,1,1,0,0,0,2,53,2,0,4
627,0,0,0,1,1,1,1,0,0,0,1,5,60,0,0,0
628,1,1,0,1,0,1,1,1,0,0,0,3,38,3,0,1
629,0,1,0,1,1,0,0,0,1,0,1,0,34,1,0,1
630,1,1,1,1,0,1,0,1,0,0,0,2,45,1,0,3
631,1,1,0,1,0,1,1,1,0,0,0,3,30,1,1,1
632,0,0,0,1,1,1,0,0,1,0,1,5,38,0,1,1
633,1,1,0,0,0,1,0,0,0,0,0,1,55,2,1,4
634,1,1,0,1,0,1,0,1,0,0,0,2,35,2,0,1
635,0,1,0,0,0,1,1,1,0,0,0,3,49,0,0,3
636,0,1,0,1,1,1,1,0,0,0,0,0,60,0,0,0
637,0,0,0,1,1,0,1,0,0,1,0,2,48,1,0,3
638,1,1,0,1,0,1,1,1,0,0,0,2,43,2,0,3
639,1,1,0,1,1,1,0,1,1,0,0,4,39,0,1,1
640,1,1,0,1,0,1,1,1,0,0,0,0,23,3,1,2
641,1,1,0,1,1,1,1,1,0,0,0,4,51,2,0,4
642,0,1,0,1,1,1,1,0,0,0,1,5,21,0,0,2
643,1,1,0,1,0,1,1,1,0,0,0,0,70,0,0,0
644,0,1,0,1,0,1,0,0,1,0,1,5,56,0,1,4
645,0,0,0,1,0,0,0,0,1,0,1,1,33,0,0,1
646,1,1,0,1,0,1,1,1,0,0,0,3,58,1,1,4
647,1,1,0,1,1,0,0,1,1,0,0,3,23,2,0,2
648,1,1,1,1,0,1,1,1,0,0,0,0,63,1,0,0
649,1,1,0,1,0,1,0,1,1,0,0,2,33,2,0,1
650,0,1,0,0,0,0,0,1,1,1,0,1,51,0,0,4
651,1,1,0,1,0,1,0,1,1,0,0,5,27,2,1,2
652,1,1,0,0,0,1,1,1,0,1,0,2,51,2,1,4
653,0,0,0,0,0,0,0,0,0,0,0,3,69,0,1,0
654,1,1,0,0,0,1,1,1,0,0,0,2,59,1,0,0
655,1,1,0,1,0,1,1,1,0,0,0,3,40,2,1,3
656,1,1,0,1,1,1,1,1,0,0,0,5,20,2,0,2
657,0,1,0,1,1,1,1,0,0,0,1,5,28,0,1,2
658,1,1,0,1,1,0,0,1,1,0,0,1,31,2,1,1
659,1,1,0,1,1,1,0,1,1,0,0,2,32,1,0,1
660,1,1,0,1,0,1,0,1,0,0,0,3,34,3,0,1
661,0,1,0,1,1,1,1,0,1,0,1,3,62,3,1,0
662,1,1,0,1,1,1,1,1,0,1,0,0,33,1,0,1
663,0,1,0,1,0,1,0,1,1,0,1,1,51,2,0,4
664,1,1,0,1,1,1,1,1,0,0,0,4,36,1,1,1
665,1,1,0,1,0,1,0,1,0,0,0,4,22,2,0,2
666,0,0,0,0,0,0,0,0,1,0,1,5,51,0,0,4
667,0,1,0,1,1,1,0,1,1,0,1,5,42,0,1,3
668,1,1,0,0,1,1,1,1,0,1,0,2,24,2,1,2
669,1,1,0,1,1,1,0,1,1,0,0,3,18,2,1,2
670,0,1,0,1,1,1,1,0,0,0,1,5,26,0,0,2
671,0,1,1,1,1,1,1,0,0,1,0,0,57,0,1,4
672,1,1,0,1,0,1,1,1,0,1,0,1,59,3,1,0
673,1,1,0,1,1,1,0,1,1,0,0,0,38,1,0,1
674,1,1,0,1,1,1,1,1,0,0,0,5,26,4,0,2
675,1,1,0,1,0,1,1,1,0,1,0,2,31,2,1,1
676,1,1,0,1,1,1,1,0,0,0,0,2,27,0,0,2
677,0,1,1,1,1,1,0,1,1,0,0,3,55,0,1,4
678,1,1,0,0,0,1,1,1,0,1,0,4,47,4,1,3
679,0,0,0,1,1,0,0,0,1,0,1,4,52,0,1,4
680,1,1,0,1,0,1,1,1,0,1,0,5,58,3,1,4
681,1,1,0,1,1,1,1,1,0,0,0,2,30,1,0,1
682,1,1,0,1,1,1,0,1,1,0,0,1,38,1,0,1
683,1,1,0,1,0,1,1,1,0,0,0,4,49,3,0,3
684,1,1,0,1,0,1,0,0,0,0,0,3,37,2,1,1
685,1,1,0,1,1,1,0,0,1,0,0,3,39,2,1,1
686,1,1,0,1,0,1,1,1,0,0,0,4,60,3,1,0
687,1,1,0,1,0,0,1,1,0,0,0,3,50,3,1,4
688,1,1,0,1,0,1,1,1,0,0,0,4,25,3,1,2
689,0,1,0,1,1,1,1,0,0,0,1,4,64,0,1,0
690,0,0,0,1,0,0,0,0,1,0,1,3,62,0,1,0
691,0,1,0,1,1,1,1,0,0,0,1,2,37,0,1,1
692,1,1,0,0,0,1,0,0,1,1,0,2,68,1,1,0
693,1,1,0,1,1,1,1,1,0,0,0,2,24,2,0,2
694,1,1,1,0,1,1,1,1,0,1,0,1,26,3,1,2
695,0,1,0,1,1,1,0,0,1,0,0,2,49,2,0,3
696,0,1,0,0,0,0,0,0,1,0,0,2,43,3,1,3
697,1,1,0,1,1,1,1,1,0,0,1,4,53,2,0,4
698,1,1,0,1,1,1,1,1,0,0,0,2,41,2,1,3
699,0,1,0,1,1,1,1,0,0,0,1,5,35,1,0,1
700,0,0,0,1,1,0,0,0,1,0,1,5,60,0,1,0
701,1,1,0,1,1,1,1,1,0,0,0,2,35,3,1,1
702,0,1,0,1,1,1,0,0,1,0,1,0,54,1,1,4
703,1,1,0,1,1,1,1,1,1,0,0,4,23,3,0,2
704,0,1,0,0,1,1,1,0,0,1,0,0,41,0,0,3
705,0,1,0,1,1,0,0,0,1,0,1,5,57,0,0,4
706,0,0,0,1,0,1,1,0,0,0,1,5,64,0,0,0
707,1,1,0,1,1,1,1,1,0,0,0,2,59,2,0,0
708,1,1,0,1,0,1,1,1,0,0,0,4,38,2,0,1
709,0,1,0,1,0,1,1,1,0,0,0,1,66,1,1,0
710,1,1,0,1,0,1,1,1,0,0,0,4,49,3,0,3
711,1,1,1,1,1,1,0,1,1,0,0,0,48,1,0,3
712,0,1,0,1,1,0,0,0,1,0,0,5,63,0,0,0
713,1,1,0,1,0,1,1,1,0,0,0,1,64,1,0,0
714,0,1,0,1,1,1,1,0,0,0,0,1,56,1,0,4
715,1,1,0,1,0,1,1,1,0,0,0,3,24,4,0,2
716,0,0,0,1,0,1,1,0,0,0,1,0,57,0,0,4
717,0,0,0,1,1,1,1,0,0,1,1,4,59,0,1,0
718,1,1,0,1,0,1,1,1,0,1,0,4,39,2,0,1
719,1,1,0,1,0,1,1,1,0,1,0,5,37,3,0,1
720,1,1,1,0,0,1,1,1,0,1,0,0,65,0,1,0
721,0,1,0,1,0,1,0,0,0,0,1,5,55,1,1,4
722,1,1,0,1,1,1,1,1,0,0,0,2,34,0,0,1
723,0,1,0,1,0,1,1,0,0,0,0,1,31,3,0,1
724,1,1,0,1,1,1,1,1,0,1,0,0,23,2,0,2
725,0,1,0,1,1,1,1,0,0,0,0,0,42,2,0,3
726,1,1,0,1,1,1,0,1,1,0,0,1,31,0,1,1
727,0,1,0,1,0,1,1,1,0,0,0,1,32,2,0,1
728,0,1,0,1,0,1,0,0,1,0,0,0,49,1,0,3
729,0,1,0,0,1,1,1,0,0,0,1,0,59,2,1,0
730,1,1,0,1,1,1,0,0,0,0,0,5,21,4,0,2
731,1,1,0,1,0,1,0,1,1,0,0,3,25,2,0,2
732,0,1,0,1,1,1,1,0,0,0,0,2,24,2,1,2
733,0,1,0,1,0,1,1,1,0,0,0,5,58,0,1,4
734,0,1,0,1,0,1,0,0,1,0,0,0,54,1,1,4
735,0,0,0,1,1,1,0,0,1,0,1,5,62,0,1,0
736,0,1,0,1,1,1,0,0,1,0,0,3,31,2,1,1
737,1,1,0,1,1,1,1,1,1,1,1,1,21,2,0,2
738,0,1,0,1,0,1,1,0,0,0,0,2,48,2,1,3
739,1,1,1,1,1,1,1,1,0,0,1,0,30,1,0,1
740,1,1,0,1,1,1,1,1,0,0,1,2,36,3,0,1
741,1,1,0,1,1,1,1,1,0,0,0,2,21,1,0,2
742,0,1,0,1,1,1,1,0,0,0,0,2,63,1,0,0
743,1,1,0,1,1,0,1,0,0,1,0,1,33,3,1,1
744,1,1,0,1,1,1,1,1,0,0,0,5,18,3,0,2
745,1,1,0,1,1,1,1,1,0,0,0,2,20,2,1,2
746,0,1,0,1,1,1,1,1,0,0,0,0,56,2,0,4
747,1,1,0,1,1,1,1,1,0,1,0,3,38,1,0,1
748,0,1,0,1,0,1,1,0,0,0,0,1,43,1,1,3
749,0,1,0,1,1,1,0,1,1,0,1,0,18,1,1,2
750,0,1,0,1,1,1,1,0,1,0,0,3,19,3,1,2
751,0,1,1,1,0,1,0,0,1,0,1,2,43,1,1,3
752,0,0,0,1,1,1,0,0,1,0,1,5,50,0,1,4
753,1,1,0,1,1,1,0,0,1,0,0,3,54,2,0,4
754,1,1,0,1,1,1,1,1,0,0,0,2,23,3,1,2
755,0,1,0,1,1,1,1,1,1,0,1,0,40,1,1,3
756,1,1,1,1,0,1,0,1,1,1,0,2,52,1,0,4
757,0,1,0,1,0,1,1,0,0,0,0,0,35,1,1,1
758,0,1,0,1,0,1,0,0,1,0,0,1,41,2,1,3
759,0,0,0,1,1,1,0,0,1,0,1,4,60,0,1,0
760,1,1,0,1,0,1,1,1,0,1,0,3,66,1,0,0
761,0,1,1,1,1,1,1,1,0,1,0,1,45,1,1,3
762,0,1,0,1,1,0,0,0,1,0,1,5,39,2,1,1
763,0,1,1,1,1,1,1,1,1,0,0,1,49,0,0,3
764,1,1,0,1,1,1,1,1,0,0,0,1,58,2,0,4
765,1,1,0,0,0,1,1,1,0,1,0,3,32,1,0,1
766,1,1,0,1,0,0,0,1,1,1,0,3,34,2,0,1
767,0,1,0,1,1,1,1,0,0,0,1,2,50,2,0,4
768,0,1,0,1,0,1,0,0,0,0,1,5,58,0,0,4
769,0,1,0,1,1,1,1,1,0,0,1,3,34,0,0,1
770,1,1,0,1,0,1,1,1,0,0,0,3,53,1,0,4
771,1,1,0,1,0,1,0,1,1,0,0,3,46,2,1,3
772,1,1,0,1,1,0,0,0,1,0,0,0,54,0,0,4
773,1,1,0,1,0,1,1,1,0,0,0,4,29,2,1,1
774,1,1,0,1,0,1,1,1,0,0,0,4,38,2,0,1
775,1,1,0,1,1,1,1,0,1,1,0,2,52,1,0,4
776,1,1,0,1,1,1,0,1,1,0,0,1,32,2,0,1
777,0,1,1,1,1,1,1,1,0,0,0,2,65,2,0,0
778,1,1,0,1,0,1,0,0,0,0,0,0,44,1,1,3
779,0,1,0,1,0,1,1,0,0,1,0,1,42,2,1,3
780,1,1,0,1,0,1,0,1,1,0,0,4,37,2,0,1
781,1,1,0,1,0,0,0,1,1,0,0,0,24,4,1,2
782,0,1,1,1,1,1,0,1,0,0,1,0,69,0,0,0
783,0,1,1,1,1,1,1,1,0,0,1,0,39,2,1,1
784,1,0,0,0,0,1,0,1,0,1,0,4,55,2,1,4
785,1,1,0,1,1,1,0,1,1,0,0,2,47,1,0,3
786,1,1,0,1,0,1,0,1,1,1,0,5,46,2,0,3
787,1,1,0,1,0,1,0,1,1,0,0,0,63,1,0,0
788,0,0,0,1,1,1,1,0,0,0,1,4,64,0,0,0
789,1,1,0,1,1,1,0,0,1,0,1,3,34,1,0,1
790,0,1,0,1,1,1,0,0,1,0,1,2,30,3,1,1
791,1,1,0,1,1,1,1,1,0,0,0,2,37,0,0,1
792,1,1,0,1,0,1,0,1,1,1,0,4,48,2,1,3
793,1,1,0,1,1,1,1,1,0,1,0,3,32,2,0,1
794,0,1,0,1,1,1,0,1,0,0,0,1,24,0,0,2
795,1,1,1,0,0,1,1,1,0,1,0,4,65,1,1,0
796,0,1,0,1,1,1,1,0,0,0,0,3,64,1,1,0
797,0,1,0,0,0,1,0,0,0,0,0,0,64,1,1,0
798,1,1,0,1,0,1,1,1,0,1,0,2,50,2,1,4
799,1,1,0,1,0,1,0,1,1,0,0,2,55,2,1,4
800,0,1,1,1,1,1,1,0,0,0,0,2,70,0,1,0
801,0,0,0,1,1,0,1,0,0,0,1,2,35,0,0,1
802,0,0,0,0,0,0,0,0,0,0,0,5,24,0,1,2
803,0,1,0,1,1,1,0,0,1,0,1,5,18,0,1,2
804,1,1,0,1,1,1,1,1,0,0,0,4,30,2,0,1
805,0,1,0,1,1,1,0,0,0,0,1,3,59,0,1,0
806,1,1,0,1,0,1,0,1,1,0,0,3,64,2,1,0
807,0,1,1,1,1,1,1,1,0,0,0,3,62,0,1,0
808,0,1,0,1,0,0,0,0,1,0,0,3,63,0,0,0
809,1,1,0,1,1,0,0,1,0,0,0,3,36,3,1,1
810,0,1,0,1,1,0,0,0,1,0,0,0,32,1,1,1
811,1,0,0,0,1,1,0,1,1,0,0,5,61,3,0,0
812,1,1,0,1,0,1,0,1,1,0,0,4,42,3,0,3
813,1,1,0,1,0,1,1,1,0,0,0,5,43,2,0,3
814,0,1,0,1,0,0,0,0,0,0,0,0,44,0,0,3
815,0,0,0,1,1,1,0,1,1,0,0,2,19,3,1,2
816,0,1,0,1,1,1,0,1,1,0,0,1,53,1,0,4
817,1,1,0,1,0,1,1,1,0,0,0,2,32,1,1,1
818,0,1,0,1,1,1,0,0,1,0,0,0,52,2,0,4
819,0,1,0,1,0,1,1,0,0,0,1,3,60,0,1,0
820,0,1,0,1,1,1,0,0,1,0,0,1,53,1,0,4
821,0,1,0,1,1,1,1,0,0,0,1,5,33,0,0,1
822,1,0,1,0,0,0,0,0,1,1,0,5,40,2,0,3
823,1,1,0,1,0,1,0,1,1,0,0,2,63,0,1,0
824,1,1,1,0,0,1,1,1,0,1,0,3,47,3,1,3
825,1,1,0,1,0,1,0,1,0,0,0,3,25,2,0,2
826,0,1,0,1,0,1,1,0,0,0,0,3,38,1,1,1
827,1,1,0,1,1,1,1,1,0,0,0,5,28,3,0,2
828,0,1,0,1,1,1,0,0,1,1,0,0,57,0,1,4
829,1,1,0,1,0,1,1,1,0,1,0,4,56,3,0,4
830,1,1,0,1,1,1,0,1,1,0,0,3,35,1,1,1
831,0,0,0,1,1,1,0,0,1,0,1,3,62,0,1,0
832,1,1,0,1,0,1,0,1,1,0,0,1,37,1,0,1
833,0,1,0,1,1,1,1,0,0,1,0,1,63,3,1,0
834,0,1,1,0,0,1,0,0,1,1,0,1,57,0,1,4
835,0,1,0,1,1,1,1,0,0,0,0,1,53,0,0,4
836,0,1,0,1,1,1,1,0,0,0,1,2,49,3,0,3
837,0,1,1,1,1,1,1,1,0,0,0,1,56,0,1,4
838,0,1,1,1,0,1,1,1,0,0,0,1,50,2,1,4
839,1,1,0,1,0,1,1,1,0,0,0,4,59,0,0,0
840,1,1,0,1,0,1,1,1,0,1,0,5,32,2,0,1
841,1,1,0,1,0,1,0,1,0,0,0,4,44,2,0,3
842,0,1,0,1,1,1,0,0,1,0,0,1,34,2,0,1
843,0,1,0,1,0,1,1,0,0,0,1,0,51,0,0,4
844,1,1,0,1,1,1,1,1,0,0,0,1,33,2,1,1
845,1,1,0,1,1,1,1,1,0,1,0,2,36,2,0,1
846,1,1,0,1,1,1,0,1,1,1,0,3,24,4,0,2
847,1,1,0,1,0,1,1,1,0,0,0,3,42,2,0,3
848,0,1,0,1,1,1,0,0,1,0,1,5,45,0,1,3
849,0,1,0,1,1,1,0,0,1,0,1,0,48,1,0,3
850,1,1,0,1,0,1,1,1,0,0,0,5,34,4,0,1
851,1,1,0,1,0,1,1,1,0,0,0,5,28,3,0,2
852,0,0,0,0,0,0,0,0,0,0,0,0,55,0,0,4
853,1,1,0,1,1,1,1,1,0,1,0,2,29,1,0,1
854,1,1,0,0,0,1,1,1,0,1,0,5,40,2,0,3
855,1,1,0,1,1,1,0,1,1,0,0,0,44,1,1,3
856,0,1,1,1,1,1,0,0,1,0,1,5,49,0,1,3
857,1,1,0,1,0,1,1,1,0,0,0,3,29,2,1,1
858,1,1,0,1,1,1,1,1,0,0,0,4,40,3,1,3
859,0,0,0,1,0,1,1,0,1,0,0,3,30,4,1,1
860,1,1,0,1,0,1,1,1,0,0,0,2,34,2,1,1
861,1,1,1,1,1,1,1,1,0,0,0,1,60,1,1,0
862,0,1,0,1,0,1,1,1,0,0,0,2,66,2,1,0
863,1,1,0,0,0,1,0,1,1,1,0,3,51,1,1,4
864,0,0,0,1,1,1,1,0,0,0,1,5,44,0,1,3
865,1,1,0,0,0,1,1,1,0,1,0,3,64,0,1,0
866,1,1,0,0,0,1,1,0,1,1,0,3,37,1,0,1
867,0,0,0,1,1,0,0,0,1,0,1,5,51,0,1,4
868,1,1,0,1,0,1,1,1,0,0,0,4,30,3,1,1
869,0,1,1,1,1,1,1,0,0,1,1,4,53,0,1,4
870,0,0,0,1,1,0,1,1,0,0,0,1,48,2,1,3
871,0,1,0,1,1,1,0,0,1,0,0,2,67,0,0,0
872,0,1,0,1,1,1,0,0,1,0,1,5,39,0,1,1
873,1,1,0,1,0,1,1,1,0,1,0,3,67,1,0,0
874,0,1,0,1,1,1,0,0,0,0,1,3,61,0,1,0
875,0,1,0,1,0,0,0,1,1,0,0,2,57,1,1,4
876,0,1,0,1,0,0,1,0,0,0,1,5,64,0,1,0
877,0,1,0,1,1,1,1,1,0,0,1,4,64,0,0,0
878,1,1,0,1,1,1,1,1,1,1,0,4,34,3,0,1
879,1,1,1,1,1,1,1,1,1,1,0,4,45,3,1,3
880,1,1,0,1,0,1,1,1,0,0,0,3,34,2,1,1
881,0,1,0,1,1,1,1,0,0,0,1,5,67,0,1,0
882,0,0,0,1,0,1,0,0,0,0,1,5,38,0,0,1
883,1,1,0,1,1,1,1,1,1,0,0,2,22,3,1,2
884,1,1,1,0,0,1,1,1,0,0,0,5,57,3,0,4
885,1,1,0,0,0,1,1,1,0,0,0,2,65,1,0,0
886,0,1,0,1,1,1,0,0,0,0,0,2,63,0,1,0
887,0,1,0,1,1,1,0,0,1,0,1,0,49,0,1,3
888,0,1,0,1,1,1,1,0,0,0,1,2,36,0,1,1
889,0,0,1,1,1,0,0,0,0,1,1,1,60,0,0,0
890,0,1,0,1,1,1,0,0,1,0,1,3,62,0,0,0
891,1,1,0,1,0,1,1,1,1,0,0,5,55,3,1,4
892,1,1,0,1,0,1,0,1,0,0,0,3,41,2,0,3
893,0,1,0,1,1,1,0,0,1,0,1,2,46,4,1,3
894,1,1,0,1,0,1,1,1,0,0,0,3,51,2,0,4
895,1,1,0,0,0,1,0,1,0,1,0,5,61,1,0,0
896,1,1,0,1,0,1,0,1,1,1,0,3,38,3,0,1
897,0,1,0,1,1,1,0,0,1,0,1,4,59,0,0,0
898,1,1,0,0,0,1,0,1,0,1,0,4,36,2,1,1
899,0,1,0,1,1,1,1,0,0,0,0,0,62,0,0,0
900,0,1,1,1,1,1,0,1,1,0,0,0,58,2,1,4
901,1,1,0,1,1,1,1,1,0,0,0,4,23,3,0,2
902,0,1,0,1,0,1,0,0,1,0,1,5,50,1,0,4
903,1,1,0,1,0,1,0,1,1,0,0,4,25,2,0,2
904,0,1,0,1,0,1,1,1,0,0,0,1,55,2,1,4
905,0,1,0,1,1,1,1,0,1,0,1,5,48,0,1,3
906,0,0,0,1,0,1,0,0,0,0,1,5,62,0,0,0
907,1,1,0,1,0,1,1,1,0,0,0,2,61,1,0,0
908,1,1,0,1,1,1,0,1,1,0,0,4,32,4,0,1
909,0,1,0,0,0,1,1,0,0,1,0,0,49,1,1,3
910,1,1,1,1,1,1,1,1,1,1,1,3,20,2,1,2
911,0,1,0,1,1,1,0,0,1,0,1,1,43,1,0,3
912,0,0,0,0,0,1,1,0,0,0,0,5,63,0,0,0
913,1,1,0,0,0,1,1,1,0,1,0,4,60,2,0,0
914,0,1,0,1,0,1,1,0,0,0,0,1,68,0,0,0
915,1,1,0,1,0,1,1,1,0,0,0,3,64,2,1,0
916,0,1,0,1,1,1,1,0,0,0,1,5,57,0,1,4
917,1,1,0,0,0,1,1,1,0,0,0,4,71,2,1,0
918,1,1,0,1,1,1,1,1,0,0,1,3,30,1,0,1
919,1,1,0,0,0,1,1,1,0,1,0,5,61,4,1,0
920,1,0,0,0,0,1,1,1,0,0,0,1,55,2,0,4
921,1,1,0,0,0,1,0,0,1,0,0,3,53,2,1,4
922,1,1,0,1,0,1,0,1,1,0,0,4,45,1,1,3
923,1,1,0,1,0,1,1,1,0,0,0,3,41,2,1,3
924,1,1,0,1,1,1,0,1,1,1,0,3,30,1,1,1
925,0,1,0,1,0,1,1,0,0,0,0,2,42,3,0,3
926,1,1,0,0,0,1,1,1,0,0,0,3,22,3,0,2
927,1,1,0,1,0,1,1,1,0,0,0,3,46,1,0,3
928,1,1,0,1,0,1,0,1,0,0,0,5,43,2,1,3
929,1,1,0,0,0,1,1,1,0,1,0,5,33,2,0,1
930,1,1,0,1,1,1,1,1,0,0,0,2,19,0,0,2
931,1,1,0,1,1,1,0,1,1,0,0,4,24,2,1,2
932,0,1,0,1,1,1,1,0,1,0,1,4,58,0,1,4
933,0,1,0,1,0,1,0,0,1,0,0,0,59,1,1,0
934,1,1,0,1,0,1,1,1,0,0,0,3,31,2,0,1
935,0,1,0,1,1,1,0,0,1,0,0,2,37,2,0,1
936,0,1,1,1,1,1,1,1,0,0,0,2,56,2,1,4
937,0,1,0,1,1,1,1,1,0,0,0,2,52,1,1,4
938,0,0,0,1,1,1,1,0,0,0,1,5,36,0,1,1
939,1,1,0,1,1,1,1,1,0,1,0,4,25,2,0,2
940,1,1,0,1,1,1,0,1,0,0,1,0,20,0,1,2
941,1,0,0,1,1,1,0,1,1,0,0,4,21,2,0,2
942,1,1,0,1,1,1,0,0,1,0,0,2,59,3,0,0
943,0,1,0,1,0,1,1,0,0,0,0,4,51,0,0,4
944,0,1,0,1,0,1,1,1,0,0,0,2,50,2,0,4
945,0,1,0,1,0,1,1,0,0,0,0,0,63,1,1,0
946,1,1,0,1,0,1,1,1,0,0,0,1,25,1,0,2
947,0,1,0,1,0,1,1,1,0,0,0,1,51,2,1,4
948,0,1,0,1,1,1,1,1,0,0,0,1,36,0,0,1
949,1,1,0,1,1,1,0,1,1,0,0,3,31,2,0,1
950,0,1,0,1,0,1,1,0,0,0,0,1,26,2,1,2
951,0,0,0,0,0,0,0,0,0,0,1,5,30,0,1,1
952,1,1,0,1,0,1,1,1,0,0,0,2,37,2,0,1
953,1,1,0,1,1,1,0,0,0,0,1,1,30,1,1,1
954,1,1,0,1,1,1,1,1,0,1,0,4,30,2,0,1
955,0,1,1,0,0,1,0,1,1,0,0,4,55,1,0,4
956,0,1,0,1,1,1,1,0,0,0,0,1,19,2,0,2
957,1,1,0,0,0,1,1,1,0,1,0,5,23,4,0,2
958,0,1,0,1,1,1,1,0,0,0,1,4,26,1,0,2
959,0,1,0,1,0,1,1,0,0,0,0,1,59,0,0,0
960,1,1,0,0,0,1,0,1,1,1,0,4,23,3,1,2
961,1,1,0,1,1,1,0,1,0,0,0,4,30,2,1,1
962,1,1,0,1,1,1,1,1,0,0,0,3,18,1,0,2
963,0,1,0,0,1,1,1,1,0,0,1,0,51,0,1,4
964,0,0,0,1,1,1,0,0,1,0,1,2,35,0,1,1
965,1,1,0,1,1,1,0,1,1,0,1,3,43,3,0,3
966,0,1,0,1,1,1,0,1,0,0,0,0,56,0,0,4
967,0,1,0,1,0,1,0,0,1,0,0,2,53,3,1,4
968,0,1,0,1,1,1,1,0,0,0,0,3,47,1,0,3
969,1,1,0,1,1,1,0,1,0,0,0,2,65,1,1,0
970,0,1,0,1,0,1,0,0,0,0,0,0,51,0,1,4
971,1,1,0,1,0,1,0,1,1,0,0,2,33,2,0,1
972,1,1,0,1,1,1,0,1,1,0,0,0,61,0,1,0
973,1,1,0,1,0,1,1,1,0,0,0,0,33,2,0,1
974,1,1,0,1,1,1,1,1,0,1,0,0,25,2,1,2
975,0,1,0,1,1,1,1,1,1,0,1,5,36,0,1,1
976,1,1,0,1,0,1,1,1,0,1,0,5,47,2,1,3
977,1,1,1,1,0,1,1,1,0,1,0,2,59,2,0,0
978,1,1,0,1,1,1,0,0,1,0,1,4,37,0,0,1
979,1,1,1,1,1,1,1,1,0,0,0,0,22,2,1,2
980,0,1,0,1,1,1,1,0,0,0,1,3,48,1,1,3
981,1,1,0,1,0,1,1,1,0,0,1,2,70,0,1,0
982,0,0,0,1,1,1,1,0,1,0,1,5,51,0,1,4
983,0,1,0,1,0,1,1,0,0,0,0,3,23,2,0,2
984,1,1,1,1,1,1,1,1,1,1,0,5,28,1,0,2
985,1,1,0,1,1,1,0,1,1,0,1,4,39,3,1,1
986,0,1,0,0,0,1,0,1,0,1,0,4,62,1,0,0
987,1,1,0,1,0,1,0,1,1,0,0,5,25,3,0,2
988,1,1,0,1,1,1,0,0,1,0,0,2,27,1,0,2
989,0,1,0,0,0,1,0,0,0,0,0,2,59,1,0,0
990,0,1,1,1,1,1,1,0,0,0,0,3,65,1,1,0
991,0,0,0,0,0,0,0,1,1,0,0,4,54,1,0,4
992,1,1,0,1,0,1,1,1,0,1,0,3,64,1,1,0
993,1,1,0,0,0,1,0,1,0,0,0,2,49,2,0,3
994,1,1,0,1,1,1,1,1,1,0,0,5,22,4,0,2
995,1,1,0,1,1,1,1,1,0,0,0,3,35,2,1,1
996,1,1,0,1,1,1,0,1,1,0,0,4,41,4,0,3
997,1,1,0,1,0,1,1,1,1,1,1,1,32,1,1,1
998,1,1,0,1,1,1,0,1,0,0,0,5,24,3,0,2
999,1,1,0,0,0,1,1,1,0,1,0,5,52,3,0,4
1000,0,0,0,1,1,1,0,0,1,0,1,5,44,0,1,3
1001,1,1,0,1,0,1,1,1,0,0,0,4,38,2,0,1
1002,1,1,0,1,1,1,1,1,0,0,0,3,43,3,0,3
1003,1,1,0,1,1,1,1,1,0,0,0,1,32,0,0,1
1004,0,1,0,1,0,1,0,0,1,0,0,1,38,1,1,1
1005,0,1,0,1,1,1,1,0,0,0,0,0,63,0,0,0
1006,1,1,0,1,0,1,0,1,0,1,0,3,46,1,0,3
1007,1,1,0,1,0,1,0,1,0,0,1,3,29,1,0,1
1008,0,0,0,1,1,0,0,0,1,0,1,5,61,0,0,0
1009,1,1,0,1,1,0,0,0,1,0,0,2,47,1,1,3
1010,1,1,0,1,1,1,0,1,1,0,0,3,31,2,1,1
1011,0,1,0,0,0,1,1,1,0,1,0,3,35,3,1,1
1012,1,1,0,1,0,1,1,1,0,0,0,3,64,1,1,0
1013,1,1,0,1,1,1,1,1,0,0,0,2,26,2,0,2
1014,0,1,1,1,1,1,1,0,0,0,0,1,55,0,0,4
1015,1,1,0,1,1,1,1,1,0,0,0,3,46,4,0,3
1016,1,1,0,0,0,1,1,1,0,0,0,5,52,2,1,4
1017,0,1,0,1,1,1,0,0,1,0,1,5,50,0,0,4
1018,1,1,0,1,1,1,1,1,0,0,0,3,33,2,1,1
1019,1,1,0,1,0,1,1,1,0,0,0,5,30,2,0,1
1020,0,1,0,1,0,1,0,0,0,0,0,3,46,3,0,3
1021,0,1,0,1,0,1,1,0,0,0,1,0,60,0,0,0
1022,1,1,0,1,0,0,1,1,0,0,0,3,27,4,1,2
1023,1,1,0,1,0,1,1,1,0,0,0,2,51,1,0,4
1024,1,1,0,0,0,1,1,1,0,1,0,4,41,2,0,3
1025,1,1,0,1,0,1,1,1,0,0,0,2,67,2,0,0
1026,0,0,0,1,1,0,0,0,1,0,1,5,63,0,0,0
1027,1,1,0,1,0,1,0,1,0,1,0,3,65,1,0,0
1028,0,1,0,1,1,0,0,0,1,0,1,0,59,2,1,0
1029,1,1,0,1,1,1,0,1,1,0,0,0,34,0,0,1
1030,0,1,0,1,1,1,1,1,0,0,0,0,34,0,0,1
1031,1,1,0,1,1,1,1,1,0,0,0,4,53,3,0,4
1032,1,1,0,1,0,1,1,1,0,1,0,2,31,3,0,1
1033,1,1,0,0,0,1,1,1,0,1,0,5,58,2,0,4
1034,1,1,0,0,0,1,1,1,0,0,0,2,39,3,1,1
1035,1,1,1,1,0,1,1,1,0,0,0,4,66,2,1,0
1036,1,1,0,1,0,1,1,1,0,0,0,0,55,2,1,4
1037,1,1,0,1,0,1,0,1,1,0,0,5,28,2,0,2
1038,1,1,0,1,1,0,0,1,1,0,1,5,34,2,0,1
1039,1,1,0,1,0,1,0,1,1,0,0,4,24,2,1,2
1040,1,1,1,0,0,1,1,0,0,1,0,0,59,1,0,0
1041,1,1,0,0,0,1,1,1,0,1,0,3,67,1,0,0
1042,0,1,0,1,1,1,1,0,0,0,1,1,52,2,0,4
1043,0,1,0,1,0,1,0,1,1,0,0,2,41,3,1,3
1044,1,1,0,1,0,1,1,1,0,1,0,5,37,2,0,1
1045,1,1,0,1,1,1,1,1,0,0,0,5,18,3,1,2
1046,1,1,0,0,0,1,1,1,0,1,0,4,63,3,1,0
1047,1,1,1,1,1,1,1,1,0,0,0,4,24,3,1,2
1048,1,1,0,0,0,1,1,1,0,0,0,5,57,4,1,4
1049,1,1,0,1,0,1,1,1,0,0,0,0,40,2,1,3
1050,1,1,0,1,1,1,0,1,1,0,0,2,20,2,1,2
1051,1,1,0,1,1,1,0,1,0,0,0,1,55,1,1,4
1052,1,1,0,1,1,1,0,1,1,1,0,2,18,0,0,2
1053,1,1,0,1,0,0,0,0,1,0,0,1,42,2,1,3
1054,0,1,0,1,0,1,1,0,1,0,1,4,47,0,0,3
1055,0,1,0,1,0,1,0,0,1,0,0,3,40,1,1,3
1056,1,1,0,1,0,1,1,1,0,1,0,3,35,2,0,1
1057,1,1,0,1,1,1,1,0,0,0,0,1,64,2,1,0
1058,0,1,0,1,1,0,1,1,0,0,1,2,50,1,0,4
1059,1,1,0,0,0,1,1,1,0,1,0,5,55,3,0,4
1060,0,0,0,1,1,1,1,0,0,0,1,4,64,0,0,0
1061,0,1,0,1,1,1,0,0,1,0,1,4,49,0,0,3
1062,1,1,0,0,0,0,0,1,1,0,0,0,49,1,1,3
1063,0,1,0,1,0,1,1,0,0,0,0,3,49,3,0,3
1064,0,1,0,1,1,1,0,0,1,0,1,4,50,1,1,4
1065,1,1,0,1,0,1,0,1,1,1,0,0,65,0,1,0
1066,0,1,1,1,1,1,0,0,1,0,1,5,49,3,1,3
1067,1,1,0,1,1,1,1,1,0,0,0,4,36,2,1,1
1068,1,1,0,1,1,1,0,1,1,1,0,4,31,4,0,1
1069,1,1,0,1,1,1,1,1,0,0,0,5,25,3,0,2
1070,1,1,0,1,0,1,1,1,0,0,0,3,51,2,1,4
1071,0,1,0,1,0,0,0,0,1,0,0,1,41,3,1,3
1072,0,1,0,1,1,1,1,0,0,0,0,1,58,0,0,4
1073,0,1,1,1,0,1,1,1,0,0,0,0,69,2,1,0
1074,1,1,0,1,0,1,1,1,0,0,0,3,22,3,0,2
1075,1,1,0,1,0,1,0,1,1,0,0,5,39,2,1,1
1076,0,1,0,1,1,0,1,0,0,0,0,2,58,2,0,4
1077,0,1,0,0,1,0,0,0,1,0,0,1,47,2,1,3
1078,0,1,0,1,0,1,0,1,1,0,0,1,62,3,1,0
1079,1,1,0,1,0,1,1,1,0,0,0,3,49,2,1,3
1080,0,1,1,1,0,1,1,1,0,0,0,3,65,0,0,0
1081,1,1,0,1,0,1,1,1,0,1,0,5,39,3,0,1
1082,0,1,0,1,1,0,1,0,0,0,1,3,33,0,0,1
1083,1,1,0,1,0,0,0,1,1,0,0,4,33,3,1,1
1084,0,1,0,1,0,1,0,1,1,0,0,1,64,2,1,0
1085,0,1,0,1,1,1,1,1,0,0,0,2,18,0,1,2
1086,1,1,0,1,0,1,1,1,0,1,0,1,67,2,1,0
1087,0,1,0,1,0,1,0,0,1,0,1,5,62,0,0,0
1088,0,1,0,1,1,1,1,1,0,0,0,4,56,0,0,4
1089,0,1,0,1,1,0,1,1,0,1,0,5,36,2,0,1
1090,0,1,0,1,0,0,0,1,0,1,0,1,68,0,1,0
1091,1,1,0,0,0,1,0,1,0,1,0,3,42,2,0,3
1092,1,1,0,1,0,0,0,1,1,0,0,2,39,3,1,1
1093,1,1,0,1,1,1,1,1,0,0,0,3,24,2,0,2
1094,1,1,0,1,1,1,0,1,1,0,0,4,38,3,0,1
1095,1,1,0,0,0,1,0,1,1,0,0,5,52,3,1,4
1096,1,1,0,0,0,1,1,1,0,1,0,2,43,3,0,3
1097,0,1,0,1,0,1,1,0,0,0,0,0,57,1,1,4
1098,0,1,1,1,1,1,1,0,0,0,0,4,59,0,0,0
1099,0,0,0,1,0,0,0,1,0,0,1,5,57,0,0,4
1100,1,1,0,1,0,1,1,1,0,0,0,0,43,1,1,3
1101,1,1,0,1,1,1,1,1,0,1,0,5,25,3,0,2
1102,1,1,0,1,0,1,1,1,0,1,0,2,61,1,0,0
1103,1,1,0,1,1,1,0,1,1,0,0,5,25,2,0,2
1104,0,0,0,1,1,1,0,0,1,0,1,5,70,0,0,0
1105,0,1,0,1,1,1,1,0,0,0,0,2,54,1,1,4
1106,1,1,1,1,0,1,1,1,0,0,0,5,60,1,1,0
1107,0,1,0,1,1,1,0,0,0,0,0,4,59,0,1,0
1108,0,0,0,1,1,0,0,0,1,0,1,5,66,0,1,0
1109,1,1,0,1,0,0,1,0,0,1,0,4,51,3,1,4
1110,1,1,0,1,0,1,0,1,1,0,0,1,57,2,0,4
1111,0,1,0,1,1,1,1,0,0,0,0,2,61,1,0,0
1112,1,1,0,1,1,0,0,1,1,1,0,3,31,2,0,1
1113,1,1,0,1,1,1,0,1,1,0,0,2,27,3,1,2
1114,1,1,0,1,1,1,1,1,0,0,0,3,36,3,1,1
1115,0,1,0,1,1,1,0,0,1,0,1,5,45,0,0,3
1116,0,1,0,1,1,1,1,0,0,0,1,3,53,1,0,4
1117,0,1,0,0,0,1,1,1,0,1,0,3,42,0,0,3
1118,0,1,0,1,1,1,1,1,0,0,0,0,50,0,0,4
1119,0,1,0,1,0,1,1,0,0,0,1,2,51,2,0,4
1120,0,0,0,1,1,1,0,0,1,0,1,4,36,0,1,1
1121,1,1,0,1,0,1,0,1,0,0,0,1,55,4,0,4
1122,0,1,0,1,1,1,0,1,0,0,0,0,67,1,1,0
1123,1,1,0,0,0,1,1,1,0,0,0,0,56,2,1,4
1124,0,1,0,1,1,1,1,0,0,0,0,0,70,0,0,0
1125,0,0,1,1,1,1,1,1,0,0,1,5,58,0,0,4
1126,0,0,0,1,1,1,0,0,1,0,1,5,44,0,1,3
1127,0,1,0,1,0,1,1,0,1,0,0,5,52,0,0,4
1128,1,1,0,1,1,1,1,0,0,0,0,3,61,0,0,0
1129,1,1,0,1,0,1,1,1,0,0,0,3,33,2,0,1
1130,1,1,0,1,1,1,1,1,0,0,0,4,30,2,0,1
1131,0,0,0,1,1,0,0,0,1,0,1,5,37,1,1,1
1132,1,1,0,1,1,1,0,1,1,0,0,3,26,1,1,2
1133,0,1,1,1,0,1,0,0,1,0,0,0,65,0,0,0
1134,1,1,0,1,0,1,1,1,0,0,0,5,38,2,0,1
1135,1,1,0,1,0,1,1,1,0,0,0,1,29,3,0,1
1136,0,1,1,1,0,1,0,0,1,0,1,5,62,0,0,0
1137,0,1,0,1,0,1,1,1,0,0,0,4,21,3,1,2
1138,0,1,0,1,0,1,1,0,0,0,0,3,35,0,0,1
1139,1,0,0,1,1,1,1,1,1,0,1,5,27,1,1,2
1140,0,0,0,1,1,1,0,0,1,0,1,5,19,0,1,2
1141,1,1,0,1,1,1,0,1,0,0,0,5,29,1,1,1
1142,1,1,0,1,0,1,0,0,1,0,0,3,29,3,1,1
1143,1,1,0,1,1,1,1,1,0,0,0,4,29,3,1,1
1144,1,1,0,1,0,1,1,1,0,0,0,3,31,3,0,1
1145,1,1,0,1,1,1,1,1,0,0,0,1,55,2,0,4
1146,1,1,0,1,1,1,1,1,0,0,0,2,36,1,1,1
1147,0,1,0,1,1,1,1,1,0,0,1,1,48,0,0,3
1148,1,1,0,1,1,1,1,1,0,0,0,2,23,1,0,2
1149,1,1,0,1,1,1,1,1,0,0,0,5,35,2,1,1
1150,0,1,0,1,0,1,1,0,0,0,1,0,29,0,1,1
1151,0,1,0,1,1,1,1,1,0,0,1,0,52,1,0,4
1152,1,1,0,1,1,1,1,1,0,0,0,4,32,3,1,1
1153,0,1,0,1,0,1,1,0,0,0,0,3,39,3,0,1
1154,1,1,0,1,0,1,1,1,0,0,0,3,55,2,0,4
1155,1,1,0,1,0,1,1,1,0,0,0,1,41,3,1,3
1156,0,1,0,1,1,1,1,0,0,0,1,5,55,0,0,4
1157,1,1,0,1,0,1,1,1,0,0,0,5,29,2,0,1
1158,1,1,0,0,0,1,1,1,0,1,0,3,35,3,1,1
1159,1,1,0,0,0,1,1,1,1,1,0,5,44,3,1,3
1160,0,1,0,1,0,1,1,1,0,1,0,1,60,1,0,0
1161,1,1,0,1,0,1,0,1,1,0,0,5,40,2,0,3
1162,0,1,1,1,1,1,0,0,0,0,0,5,45,0,0,3
1163,0,1,0,1,1,1,1,0,0,0,0,2,37,0,0,1
1164,1,1,0,0,0,1,1,1,1,1,0,5,30,3,1,1
1165,1,1,0,1,0,1,0,1,0,0,0,1,53,2,1,4
1166,0,1,0,1,1,1,0,0,1,0,1,5,33,2,1,1
1167,0,1,0,1,0,1,0,0,0,0,0,1,37,1,1,1
1168,1,1,0,1,1,1,1,1,0,0,0,4,33,2,1,1
1169,1,1,0,1,0,0,1,1,0,1,0,5,37,3,0,1
1170,1,1,0,1,1,1,0,0,0,0,0,1,57,1,1,4
1171,0,0,0,1,1,1,1,0,0,0,1,5,53,0,0,4
1172,1,1,0,1,0,1,0,1,0,1,0,3,46,4,0,3
1173,0,1,0,1,1,1,0,1,1,0,1,0,62,1,1,0
1174,1,1,0,1,0,1,1,1,0,0,0,5,53,2,0,4
1175,0,1,0,1,0,1,1,0,0,0,1,1,53,0,1,4
1176,1,1,0,1,1,1,1,1,0,1,0,4,35,2,0,1
1177,0,1,0,0,1,1,0,0,1,0,1,3,52,0,1,4
1178,1,1,0,1,1,1,1,1,0,0,0,3,23,2,0,2
1179,0,1,0,1,1,1,0,0,1,0,1,0,57,0,0,4
1180,1,0,0,1,1,1,0,1,1,0,0,4,29,3,0,1
1181,1,1,1,1,1,1,0,1,1,1,0,0,35,0,0,1
1182,0,0,0,1,1,1,0,0,1,0,1,4,44,1,1,3
1183,0,1,0,1,1,0,1,0,0,0,1,5,57,1,0,4
1184,1,1,0,1,0,1,0,1,1,0,0,4,49,2,1,3
1185,1,1,1,0,0,1,1,1,0,1,0,4,63,2,1,0
1186,1,1,0,1,1,1,1,1,0,0,0,4,50,3,1,4
1187,1,1,0,1,1,1,1,1,0,0,0,3,69,2,1,0
1188,1,1,0,0,0,1,0,1,1,1,0,5,55,3,1,4
1189,0,1,0,0,0,1,1,0,0,0,0,2,44,3,0,3
1190,0,1,0,1,0,1,1,0,0,1,0,1,65,0,0,0
1191,1,1,0,1,1,0,0,1,1,0,1,3,30,1,0,1
1192,0,1,0,1,0,1,0,0,0,0,0,2,70,0,0,0
1193,0,0,0,1,1,0,0,0,1,0,1,2,67,1,0,0
1194,0,1,1,1,1,1,0,1,1,0,0,0,60,1,1,0
1195,1,1,0,1,1,1,0,1,1,0,0,2,31,1,0,1
1196,1,1,0,1,1,1,1,1,0,1,0,3,50,3,0,4
1197,0,1,0,1,1,1,0,0,1,0,1,5,66,0,0,0
1198,1,1,0,1,1,1,1,1,0,1,0,3,24,2,1,2
1199,1,1,0,1,1,1,0,0,0,0,0,3,50,2,0,4
1200,1,1,0,1,0,1,1,1,0,0,0,0,42,3,0,3
1201,1,1,0,1,1,1,1,1,0,1,0,5,23,3,0,2
1202,1,1,0,1,1,1,0,1,1,0,0,3,24,2,0,2
1203,1,1,0,1,0,1,1,1,0,0,0,3,57,2,1,4
1204,0,1,0,1,0,1,0,0,1,0,0,5,64,0,1,0
1205,0,0,0,0,0,1,1,1,0,0,0,1,63,2,0,0
1206,1,1,1,1,1,1,1,1,0,0,1,1,62,0,0,0
1207,1,1,0,1,1,1,0,1,1,0,0,5,19,3,0,2
1208,1,1,0,1,0,1,0,1,1,0,0,5,22,1,0,2
1209,1,1,0,1,1,0,1,1,0,0,1,1,20,1,0,2
1210,1,1,0,1,0,1,1,1,0,0,0,1,32,2,0,1
1211,1,1,0,1,0,1,1,1,0,1,0,2,22,1,0,2
1212,0,1,0,1,1,1,0,0,1,0,1,2,28,0,0,2
1213,1,1,0,0,0,1,1,1,0,1,1,4,47,2,0,3
1214,0,1,0,1,0,1,1,0,0,0,0,0,63,2,1,0
1215,1,1,0,1,1,1,0,1,1,1,1,4,44,1,1,3
1216,1,1,0,1,1,1,0,1,0,0,0,1,27,0,0,2
1217,0,1,0,1,1,1,1,0,0,0,0,2,22,2,1,2
1218,0,1,0,1,1,1,1,1,0,0,0,2,66,0,0,0
1219,0,1,0,1,1,1,1,1,0,0,0,1,68,1,1,0
1220,0,1,1,1,1,1,1,1,1,0,1,5,59,0,1,0
1221,1,1,0,1,1,0,1,1,0,0,0,3,20,2,0,2
1222,1,1,0,1,1,1,0,1,1,0,0,3,39,3,0,1
1223,0,1,0,1,1,1,1,0,0,0,1,0,24,1,0,2
1224,0,1,0,1,0,1,1,0,0,0,0,3,49,3,1,3
1225,0,1,0,1,1,0,0,0,1,0,1,1,42,1,1,3
1226,1,1,0,1,1,1,1,1,0,0,0,4,20,1,0,2
1227,0,0,0,1,1,0,0,0,1,0,1,5,27,0,0,2
1228,0,1,0,1,1,1,1,0,0,0,1,3,22,0,0,2
1229,0,1,0,1,1,1,1,0,0,0,1,5,26,0,1,2
1230,1,1,1,0,0,1,1,1,0,1,0,4,58,3,1,4
1231,0,0,0,1,1,0,0,0,1,0,1,5,35,0,1,1
1232,0,1,0,1,1,1,1,1,0,0,0,0,28,3,1,2
1233,0,1,0,1,1,1,1,0,0,0,0,4,60,0,0,0
1234,0,1,0,1,1,1,0,0,0,0,0,5,61,1,0,0
1235,1,1,0,1,0,1,0,1,1,0,0,3,59,2,1,0
1236,0,1,0,1,1,1,1,0,0,0,0,1,64,1,0,0
1237,0,1,0,1,1,1,0,1,1,0,1,0,19,0,0,2
1238,0,1,1,0,0,1,1,1,0,0,0,2,69,1,0,0
1239,0,1,0,0,1,1,0,1,0,0,0,2,44,2,1,3
1240,1,1,0,1,1,1,1,1,0,0,0,2,29,3,0,1
1241,0,1,0,1,1,1,1,0,0,0,0,0,27,1,1,2
1242,1,1,0,1,1,1,1,1,0,0,1,5,26,1,1,2
1243,0,1,0,1,1,1,1,0,0,0,0,1,59,0,0,0
1244,1,1,0,1,1,1,0,0,1,0,0,3,40,0,1,3
1245,1,1,0,1,0,1,1,1,1,0,1,5,32,0,1,1
1246,0,1,0,0,0,1,1,0,0,0,1,3,49,1,0,3
1247,1,1,0,1,0,0,0,1,1,0,0,2,58,1,1,4
1248,1,1,0,1,0,1,1,1,0,1,0,5,44,3,0,3
1249,0,1,0,1,0,1,0,0,0,0,1,2,54,1,1,4
1250,1,1,0,1,1,1,1,1,0,0,0,1,31,3,0,1
1251,1,1,0,1,0,1,1,1,0,0,0,0,45,1,0,3
1252,0,1,0,1,0,1,1,1,0,0,0,1,50,1,1,4
1253,1,1,0,1,1,1,0,1,1,0,0,1,23,2,1,2
1254,0,1,0,1,0,1,0,0,1,0,1,3,45,0,0,3
1255,0,1,0,0,1,1,0,1,1,0,0,3,30,3,1,1
1256,1,1,0,1,1,1,1,1,0,0,1,5,31,1,1,1
1257,0,1,0,1,1,1,1,1,0,0,1,2,40,1,0,3
1258,1,1,0,0,0,1,1,1,0,1,0,4,63,2,1,0
1259,1,1,0,1,0,1,1,1,0,1,0,3,62,1,0,0
1260,1,1,0,1,1,1,0,1,1,0,0,5,22,4,1,2
1261,1,1,0,0,0,1,1,1,0,1,0,3,45,2,0,3
1262,1,1,1,1,1,1,0,1,1,0,0,0,54,1,0,4
1263,0,0,0,0,0,0,0,0,0,0,0,5,70,0,0,0
1264,1,1,0,1,1,1,1,1,0,0,1,0,40,2,1,3
1265,0,1,0,1,1,1,1,0,0,0,0,1,43,1,1,3
1266,1,1,0,1,1,1,0,1,1,1,0,2,43,3,1,3
1267,0,1,0,1,1,1,0,1,1,0,1,2,47,0,0,3
1268,0,1,0,1,1,1,1,0,0,0,0,4,29,0,0,1
1269,1,1,0,1,1,1,1,1,0,0,0,4,66,3,0,0
1270,0,1,0,1,1,1,0,0,1,0,1,1,22,1,1,2
1271,1,1,0,0,0,1,1,1,0,1,0,3,64,1,0,0
1272,1,1,0,1,1,1,0,1,1,0,0,0,38,2,1,1
1273,1,1,0,0,0,0,0,0,0,0,0,1,54,1,1,4
1274,0,0,0,1,1,1,0,0,1,0,1,5,42,0,1,3
1275,0,1,0,1,1,1,1,0,0,0,0,4,68,1,0,0
1276,0,1,1,1,1,1,1,0,0,0,1,5,65,0,0,0
1277,1,1,0,1,1,1,1,1,0,1,0,3,18,2,0,2
1278,0,1,0,1,0,1,1,1,0,0,0,3,53,1,0,4
1279,1,1,0,1,0,1,0,1,1,0,0,2,42,2,0,3
1280,1,1,0,1,0,1,0,1,0,0,0,5,30,2,0,1
1281,1,1,0,1,0,1,1,1,0,1,0,2,53,0,1,4
1282,1,1,0,1,1,1,1,1,0,0,0,4,27,2,1,2
1283,1,1,0,1,1,1,1,1,0,0,0,3,23,3,1,2
1284,0,0,0,0,0,0,0,0,1,0,1,5,40,0,1,3
1285,1,0,0,1,0,1,1,1,0,0,0,3,60,1,1,0
1286,0,1,0,1,1,1,0,0,1,0,0,0,59,3,1,0
1287,0,0,0,1,1,0,0,0,1,0,1,3,49,2,1,3
1288,0,1,0,1,1,1,0,0,1,0,1,0,44,2,1,3
1289,0,0,0,1,1,1,0,0,1,0,1,4,62,0,1,0
1290,1,1,0,1,0,1,0,1,1,0,0,0,37,2,0,1
1291,1,1,0,1,1,1,1,1,0,0,0,3,26,2,0,2
1292,0,1,0,1,1,1,1,1,0,0,1,4,58,0,0,4
1293,1,1,0,1,1,0,0,1,1,1,0,5,30,3,0,1
1294,0,1,0,1,1,1,1,0,0,0,0,1,51,1,0,4
1295,0,1,0,1,0,1,0,0,1,0,0,3,60,2,1,0
1296,1,1,0,1,0,0,0,1,1,0,0,3,35,2,0,1
1297,1,1,1,1,0,1,1,1,0,0,0,2,60,3,0,0
1298,0,1,0,1,0,1,1,0,0,0,0,5,65,0,0,0
1299,0,1,0,1,0,1,1,1,0,0,0,2,58,1,0,4
1300,0,0,0,1,1,1,1,0,0,0,1,5,49,0,1,3
1301,1,1,0,1,1,1,1,1,0,0,0,1,58,1,0,4
1302,1,1,0,1,1,0,1,1,0,0,0,3,26,1,0,2
1303,1,1,0,1,1,1,1,0,0,0,0,0,59,1,1,0
1304,1,1,1,1,1,1,0,1,0,0,1,1,28,2,0,2
1305,0,1,0,1,1,1,0,1,0,0,0,1,24,1,0,2
1306,1,1,0,1,1,1,0,1,1,0,0,3,36,4,1,1
1307,0,0,1,1,1,0,1,0,0,1,1,5,66,0,1,0
1308,0,1,0,0,0,1,1,0,0,0,0,0,58,1,1,4
1309,0,1,0,1,1,1,1,1,0,0,0,1,31,2,0,1
1310,1,1,0,1,0,1,1,1,0,0,0,4,27,4,1,2
1311,1,1,0,1,1,1,1,1,1,0,1,4,20,3,1,2
1312,1,1,0,0,0,1,0,1,1,1,0,5,37,3,1,1
1313,1,1,0,1,0,1,1,1,0,0,0,1,34,2,0,1
1314,0,0,0,1,1,1,1,0,0,0,1,5,47,0,1,3
1315,1,1,0,1,1,1,1,1,0,0,0,4,25,1,0,2
1316,0,1,1,1,1,1,0,1,1,0,1,5,67,0,1,0
1317,1,1,0,0,0,0,1,1,0,0,0,4,57,2,0,4
1318,1,1,0,1,0,1,1,1,0,0,0,3,48,3,0,3
1319,1,1,0,0,0,1,1,1,0,1,0,3,64,2,0,0
1320,0,1,0,1,1,1,0,0,1,0,1,5,38,1,0,1
1321,0,1,0,1,1,0,0,0,1,0,1,3,44,0,1,3
1322,1,1,0,1,0,1,1,1,0,0,0,3,47,2,0,3
1323,0,1,0,1,1,1,1,1,1,0,0,4,53,1,0,4
1324,1,1,1,0,0,1,1,1,0,0,0,5,37,2,1,1
1325,1,0,0,1,1,1,0,1,1,0,0,5,25,1,1,2
1326,0,1,0,1,0,1,0,1,1,0,0,4,21,4,1,2
1327,0,1,0,1,1,0,0,0,1,0,1,5,60,0,0,0
1328,0,1,0,1,0,1,0,0,1,1,0,2,48,0,0,3
1329,0,1,0,1,1,1,0,0,1,0,0,4,38,0,0,1
1330,1,1,0,1,1,1,0,1,1,0,0,3,24,2,1,2
1331,0,1,0,1,1,1,0,0,1,0,0,3,26,2,1,2
1332,1,1,0,1,1,1,0,1,1,0,0,4,40,3,0,3
1333,1,1,0,1,0,1,0,1,1,0,0,2,62,2,1,0
1334,1,1,0,1,0,1,1,1,0,0,0,1,26,1,1,2
1335,0,1,0,1,0,1,1,1,0,0,0,0,65,2,0,0
1336,0,1,0,1,1,0,0,1,1,0,0,2,50,2,1,4
1337,0,0,0,0,0,1,1,0,0,0,0,0,26,0,0,2
1338,0,1,0,1,1,1,1,0,0,0,0,2,44,1,0,3
1339,0,1,0,1,0,1,0,0,0,0,0,0,48,3,1,3
1340,0,1,0,1,1,1,0,0,1,0,1,0,29,2,0,1
1341,0,1,0,1,1,1,0,0,0,0,0,4,60,0,0,0
1342,1,1,1,1,0,1,1,1,0,1,0,5,18,4,1,2
1343,0,1,0,1,1,1,1,0,0,0,1,3,37,0,0,1
1344,1,1,0,1,0,1,1,0,1,0,1,3,55,0,0,4
1345,0,1,0,1,1,1,1,0,0,0,0,2,39,1,0,1
1346,1,1,0,1,0,1,0,1,1,1,0,4,55,2,1,4
1347,1,1,1,1,1,1,1,1,0,0,0,1,18,1,1,2
1348,1,1,0,1,0,1,0,1,1,0,0,5,21,3,0,2
1349,1,1,0,1,0,1,0,1,1,1,0,2,31,2,1,1
1350,1,1,0,1,0,1,1,1,0,1,0,3,28,2,0,2
1351,1,1,0,1,1,1,0,1,1,0,0,4,39,2,1,1
1352,0,1,0,1,0,1,1,1,0,0,0,1,51,1,1,4
1353,1,1,0,1,1,1,1,1,0,1,0,5,18,3,0,2
1354,0,1,0,1,0,1,1,0,0,0,1,5,44,0,0,3
1355,0,1,1,1,1,1,1,0,0,0,1,4,66,0,1,0
1356,0,1,0,1,1,1,1,0,0,0,1,3,34,0,0,1
1357,1,1,0,1,0,1,1,1,0,0,0,1,53,1,0,4
1358,0,0,0,1,1,1,0,0,1,0,0,3,42,0,1,3
1359,1,1,0,1,1,1,1,1,0,0,0,3,38,1,0,1
1360,1,1,0,1,1,1,1,1,0,0,0,3,29,2,0,1
1361,0,1,0,1,1,1,0,1,0,0,0,0,57,1,1,4
1362,1,1,0,1,0,1,1,1,1,1,0,5,26,3,1,2
1363,1,1,0,1,0,1,0,1,1,0,0,3,30,3,0,1
1364,0,1,0,1,0,1,1,1,0,0,1,1,46,1,1,3
1365,0,1,0,1,0,1,1,0,0,0,0,0,61,1,1,0
1366,1,1,0,1,0,1,1,1,0,0,0,0,39,3,1,1
1367,1,1,0,1,0,1,1,1,0,0,0,3,62,1,1,0
1368,1,1,0,1,0,1,1,1,1,1,0,4,43,2,0,3
1369,1,1,0,1,1,1,1,1,0,0,0,3,36,2,0,1
1370,1,1,0,0,1,1,1,1,0,0,0,3,60,1,0,0
1371,0,1,0,1,0,1,1,0,0,0,0,4,54,0,0,4
1372,0,1,0,1,0,1,1,1,0,0,0,0,48,3,1,3
1373,1,1,0,1,1,1,1,1,0,0,0,2,20,2,1,2
1374,1,1,0,1,1,1,1,1,0,0,0,2,27,2,0,2
1375,0,1,0,1,0,1,1,1,0,0,0,1,68,2,0,0
1376,0,1,0,1,1,1,1,1,0,0,0,1,70,2,1,0
1377,1,1,0,1,1,1,1,1,0,0,0,3,28,2,0,2
1378,0,1,0,1,1,1,1,0,0,0,1,5,59,0,0,0
1379,0,1,0,0,0,1,1,0,0,0,0,2,45,0,1,3
1380,1,1,0,0,0,1,0,1,1,1,0,2,67,1,1,0
1381,1,1,0,1,1,1,0,0,1,0,1,3,26,3,0,2
1382,0,0,0,1,1,1,0,0,1,0,1,5,42,0,1,3
1383,0,1,0,0,0,1,1,0,0,0,0,4,55,3,1,4
1384,0,1,0,1,1,1,0,0,0,0,1,2,30,0,0,1
1385,1,1,0,0,0,1,0,1,0,1,0,5,33,3,1,1
1386,0,1,0,1,0,1,1,0,0,0,0,3,60,1,0,0
1387,1,1,0,1,0,1,1,1,0,0,0,3,57,2,0,4
1388,0,1,0,1,1,1,1,1,0,0,0,0,44,2,1,3
1389,1,1,1,1,0,1,1,1,0,0,0,4,59,1,0,0
1390,0,0,0,1,1,1,1,0,0,0,1,5,35,0,1,1
1391,0,1,0,1,1,1,1,0,0,0,0,1,60,0,1,0
1392,0,1,0,1,1,1,1,0,0,1,1,5,67,0,0,0
1393,1,1,0,1,1,1,1,1,0,0,0,4,29,3,0,1
1394,1,1,0,1,1,1,1,1,0,0,0,4,22,2,0,2
1395,1,0,0,0,0,1,0,1,0,0,0,4,54,0,0,4
1396,1,1,0,1,0,1,0,1,1,1,0,3,21,4,0,2
1397,0,1,1,0,0,1,0,1,0,0,0,4,62,2,0,0
1398,0,1,0,1,1,1,1,0,0,0,1,5,53,0,1,4
1399,0,1,0,1,1,1,0,0,1,0,1,4,37,0,0,1
1400,1,1,0,1,1,1,1,1,0,1,0,5,44,3,0,3
1401,0,1,0,1,1,1,1,0,0,0,1,5,52,0,0,4
1402,0,1,0,1,0,1,0,0,1,0,0,1,55,1,1,4
1403,0,1,0,1,1,1,0,0,0,0,1,3,32,0,0,1
1404,0,0,0,1,1,0,0,0,1,0,1,5,32,2,0,1
1405,1,1,0,1,0,1,0,1,1,0,0,2,47,1,1,3
1406,0,1,0,1,1,1,0,0,0,0,1,5,31,0,1,1
1407,0,1,0,1,0,1,0,1,1,0,0,1,55,0,1,4
1408,0,1,0,1,1,1,0,0,1,1,0,4,60,0,0,0
1409,1,1,0,1,0,1,0,1,1,0,0,5,70,3,1,0
1410,1,1,0,1,0,0,1,1,0,0,0,4,49,0,0,3
1411,1,1,0,1,1,1,1,1,0,0,0,2,55,0,0,4
1412,0,0,0,1,1,1,1,0,0,0,0,2,50,1,0,4
1413,1,1,0,1,0,1,1,1,0,0,0,3,26,2,1,2
1414,0,1,0,1,0,1,1,0,0,0,1,4,55,0,1,4
1415,0,1,0,1,1,1,0,1,1,0,1,3,57,1,1,4
1416,0,1,0,1,1,1,1,0,0,0,0,1,20,2,0,2
1417,1,1,0,1,0,1,0,1,1,1,0,4,46,2,0,3
1418,0,0,0,1,1,1,1,0,0,0,1,5,62,0,0,0
1419,0,1,0,1,1,1,1,0,0,0,1,0,59,1,0,0
1420,1,1,0,1,0,1,1,1,0,0,0,3,53,2,0,4
1421,1,1,0,1,1,1,1,1,0,0,0,3,57,1,0,4
1422,1,1,0,1,0,1,1,1,0,0,0,1,59,1,0,0
1423,1,1,0,1,0,1,1,1,0,0,0,3,41,2,1,3
1424,0,1,0,1,0,1,1,0,0,0,0,1,36,2,1,1
1425,1,1,0,1,0,1,1,1,0,0,0,4,57,2,1,4
1426,1,0,0,0,0,1,1,1,0,0,0,5,33,2,0,1
1427,0,1,0,1,0,1,0,0,1,1,0,3,38,2,0,1
1428,0,1,0,1,1,1,1,1,0,0,0,1,37,1,1,1
1429,1,1,0,1,1,0,1,1,0,0,0,4,25,4,1,2
1430,0,1,0,1,1,1,1,0,1,0,1,3,42,3,1,3
1431,1,1,0,1,0,1,0,1,1,0,0,3,55,1,0,4
1432,0,1,0,1,1,1,1,0,0,0,0,2,21,3,1,2
1433,0,0,0,0,0,0,0,0,1,0,1,5,44,0,1,3
1434,1,1,0,1,1,1,1,1,0,0,1,4,41,3,1,3
1435,0,1,0,1,1,1,1,0,0,0,1,5,25,0,1,2
1436,1,1,0,1,1,1,0,1,1,0,0,5,24,2,1,2
1437,1,1,0,1,0,1,1,1,0,1,0,4,61,1,0,0
1438,1,1,0,1,1,1,0,1,1,0,0,3,27,2,0,2
1439,1,1,1,1,1,0,1,1,0,1,1,1,61,2,1,0
1440,1,1,0,0,0,1,1,1,0,0,0,3,55,2,0,4
1441,1,1,0,1,1,1,0,1,1,0,0,5,29,3,1,1
1442,1,1,0,0,1,1,1,1,0,0,0,4,31,2,1,1
1443,1,1,0,1,0,1,1,1,0,0,0,2,50,0,0,4
1444,0,1,0,1,1,1,1,0,0,1,0,3,55,0,1,4
1445,0,1,0,1,1,1,1,1,0,0,1,1,18,2,0,2
1446,1,1,0,1,1,1,1,1,0,1,0,1,52,1,0,4
1447,0,1,0,1,1,0,0,1,1,0,0,0,43,2,1,3
1448,0,1,0,1,1,0,0,0,1,0,1,5,47,0,1,3
1449,1,1,0,1,0,0,1,1,0,1,0,2,36,3,0,1
1450,1,1,0,1,0,1,0,1,1,0,0,3,52,2,0,4
1451,1,1,0,0,0,1,1,1,0,1,0,4,41,1,1,3
1452,0,1,0,1,1,0,0,0,1,0,1,3,30,1,1,1
